title,daily_rank,daily_movement,weekly_movement,view_count,like_count,comment_count,video_tags,publish_date,tokens,category,title_len
"""My Battle Against Cancer"" - Doc Willie Ong",19,25,31,2055492,101036,418,"heal, health, home remedies, doctor, weight loss, food, nutrition, health tips, treatment, symptoms, diagnosis, natural, alternative, easy, cheap, effective",2024-09-14 00:00:00+00:00,"['battle', 'cancer', 'doc', 'willie', 'ong']",Family,5
'Abel Villarama: Armado’ FULL MOVIE | Ace Vergel,14,36,36,1693216,8871,213,"ABS-CBN, Star Cinema, ABS-CBN Star Cinema, ABS Star Cinema, Movie, Philippines, Philippine Movie, ABS-CBN Philippines, Format:fullmovie, YT0psMariel, 20240901starcinema, September 1 2024, Tagalog Movie, ABSCBN Movie, Star Cinema Movie, Free Movie, Full movies free, ABSCBN Film, ABSCBN Movies, ABSCBN Full movies free, ABSCBN movies free, Kapamilya movies, Kapamilya full movies, Must watch, Person:Ace Vergel, Movie marathon, Abel Villarama: Armado, Action movie",2024-09-01 00:00:00+00:00,"['abel', 'villarama', 'armado', 'movie', 'ace', 'vergel']",Movies,6
"'Home Sic Home' FULL MOVIE | Dolphy, Babalu",20,25,30,1771232,7329,383,"ABS-CBN, Star Cinema, ABS-CBN Star Cinema, ABS Star Cinema, Movie, Philippines, Philippine Movie, ABS-CBN Philippines, Format:fullmovie, YT0psMariel, 20240713starcinema, July 13 2024, Tagalog Movie, ABSCBN Movie, Star Cinema Movie, Free Movie, Full movies free, Person:Dolphy, Person:Babalu, ABSCBN Film, ABSCBN Movies, ABSCBN Full movies free, ABSCBN movies free, Kapamilya movies, Kapamilya full movies, Home Sic Home, comedy, comedy king, dolphy movie, comedy movie, old movie, dolphy",2024-07-14 00:00:00+00:00,"['home', 'sic', 'home', 'movie', 'dolphy', 'babalu']",Movies,6
"'Hostage' FULL MOVIE | Cesar Montano, Roi Vinzon, Bayani Agbayani",9,39,41,3626151,17544,469,"ABS-CBN, Star Cinema, ABS-CBN Star Cinema, ABS Star Cinema, Movie, Philippines, Philippine Movie, ABS-CBN Philippines, Format:fullmovie, YT0psMariel, 20240910starcinema, September 10 2024, Tagalog Movie, ABSCBN Movie, Star Cinema Movie, Free Movie, Full movies free, ABSCBN Film, ABSCBN Movies, ABSCBN Full movies free, ABSCBN movies free, Kapamilya movies, Kapamilya full movies, Person:Cesar Montano, Person:Roi Vinzon, Person:Bayani Agbayani, Movie marathon, Movie PH, Hostage",2024-09-10 00:00:00+00:00,"['hostage', 'movie', 'cesar', 'montano', 'roi', 'vinzon', 'bayani', 'agbayani']",Movies,8
'Naiihi ako sa nerbyos dito': Duterte excuses himself after raising voice at Hontiveros,6,43,44,2492289,21066,28844,"ABS-CBN, ABS-CBN News, ABS-CBN Philippines, Philippine News, News, Philippines, ABS-CBN News Exclusive, #ABS-CBNNews_Exclusive, nighttime, english news, latest news, news update, recent news, YT0psRebecca, 10282024news, October 28 2024, channel:ABSCBNNews, series:ABSCBNNewsExclusive, genre:crime, genre:politics, format:report, type:broadcast, type:highlight, source:video, source:audio, Rodrigo Duterte, Duterte, Risa Hontiveros, Hontiveros, Senate, probe, war on drugs, drug war, drug, bloody campaign",2024-10-28 00:00:00+00:00,"['naiihi', 'nerbyos', 'duterte', 'excuses', 'raising', 'voice', 'hontiveros']",News & Politics,7
"'Patapusin mo muna 'ko!' Hontiveros, Duterte clash over 'unacceptable' comments about killings",1,49,49,5176966,51170,54784,"ABS-CBN, ABS-CBN News, ABS-CBN Philippines, Philippine News, News, Philippines, PatrolPH, Tagalog news, News Daytime, ABS-CBN Highlights, ABS-CBN News Latest news, October 28 2024, 20241028news, ABS-CBNNews_HL, YT0psRL, format:report, format:livereport, type:broadcast, genre:society, genre:politics, genre:economy, channel:ABS-CBNNews, #ABS-CBNNews_Highlight, type:live, source:audio, abs-cbn news, ABS-CBN News Exclusive, #ABS-CBNNews_Exclusive, recent news, channel:ABSCBNNews, Top News, news update",2024-10-28 00:00:00+00:00,"['patapusin', 'mo', 'muna', 'ko', 'hontiveros', 'duterte', 'clash', 'unacceptable', 'comments', 'killings']",News & Politics,10
1000 Minions #mobilelegends #mlbb #shorts,34,16,16,3292510,114031,796,,2024-02-13 00:00:00+00:00,"['1000', 'minions', 'mobilelegends', 'mlbb', 'shorts']",Shorts,5
"AGA MUHLACH, MAY INAMIN! | VICE GANDA",11,36,39,1841546,36029,1410,,2024-02-04 00:00:00+00:00,"['aga', 'muhlach', 'inamin', 'vice', 'ganda']",Foreign,5
AKYAT BUNDOK,16,34,34,2144940,82517,6833,"geo ong, vlog, vlogger, ybs, travel, adventure, palawan, gio, ong, gioong, hiphop, covid19, covid, corona, pinoy, philippines, youngbloods, dougie, congtv, teampayaman, jolai, viy, yow, bosskeng, exb, exbattalion, skustclee, yongee, flowg, angelicayap, offroad, livelife, ranzkyle, niana, ranz&niana, camping, offgrid, wildasovich, harabas",2024-05-07 00:00:00+00:00,"['akyat', 'bundok']",Foreign,2
ALANGANIN,7,37,43,2157842,78691,5739,"geo ong, vlog, vlogger, ybs, travel, adventure, palawan, gio, ong, gioong, hiphop, covid19, covid, corona, pinoy, philippines, youngbloods, dougie, congtv, teampayaman, jolai, viy, yow, bosskeng, exb, exbattalion, skustclee, yongee, flowg, angelicayap, offroad, livelife, ranzkyle, niana, ranz&niana, camping, offgrid, wildasovich, harabas",2024-12-30 00:00:00+00:00,['alanganin'],Foreign,1
ANG BAGONG YUGTO,42,8,8,2936054,105829,5005,"geo ong, vlog, vlogger, ybs, travel, adventure, palawan, gio, ong, gioong, hiphop, covid19, covid, corona, pinoy, philippines, youngbloods, dougie, congtv, teampayaman, jolai, viy, yow, bosskeng, exb, exbattalion, skustclee, yongee, flowg, angelicayap, offroad, livelife, ranzkyle, niana, ranz&niana, camping, offgrid, wildasovich, harabas",2023-10-17 10:45:00+00:00,"['bagong', 'yugto']",Foreign,2
ANG PAG DATING,8,32,42,2343346,94050,4599,"geo ong, vlog, vlogger, ybs, travel, adventure, palawan, gio, ong, gioong, hiphop, covid19, covid, corona, pinoy, philippines, youngbloods, dougie, congtv, teampayaman, jolai, viy, yow, bosskeng, exb, exbattalion, skustclee, yongee, flowg, angelicayap, offroad, livelife, ranzkyle, niana, ranz&niana, camping, offgrid, wildasovich, harabas",2023-10-23 10:45:02+00:00,"['pag', 'dating']",Foreign,2
ANUNSYO,3,47,47,2090684,98263,8688,"geo ong, vlog, vlogger, ybs, travel, adventure, palawan, gio, ong, gioong, hiphop, covid19, covid, corona, pinoy, philippines, youngbloods, dougie, congtv, teampayaman, jolai, viy, yow, bosskeng, exb, exbattalion, skustclee, yongee, flowg, angelicayap, offroad, livelife, ranzkyle, niana, ranz&niana, camping, offgrid, wildasovich, harabas",2024-07-09 00:00:00+00:00,['anunsyo'],Foreign,1
AWAY,6,43,44,1859087,76639,6313,"geo ong, vlog, vlogger, ybs, travel, adventure, palawan, gio, ong, gioong, hiphop, covid19, covid, corona, pinoy, philippines, youngbloods, dougie, congtv, teampayaman, jolai, viy, yow, bosskeng, exb, exbattalion, skustclee, yongee, flowg, angelicayap, offroad, livelife, ranzkyle, niana, ranz&niana, camping, offgrid, wildasovich, harabas",2025-03-19 00:00:00+00:00,['away'],Foreign,1
AYAWUB,4,46,46,3039290,95805,7160,"geo ong, vlog, vlogger, ybs, travel, adventure, palawan, gio, ong, gioong, hiphop, covid19, covid, corona, pinoy, philippines, youngbloods, dougie, congtv, teampayaman, jolai, viy, yow, bosskeng, exb, exbattalion, skustclee, yongee, flowg, angelicayap, offroad, livelife, ranzkyle, niana, ranz&niana, camping, offgrid, wildasovich, harabas",2025-01-22 00:00:00+00:00,['ayawub'],Foreign,1
AYSARGSID,20,30,30,2494344,88447,7049,"geo ong, vlog, vlogger, ybs, travel, adventure, palawan, gio, ong, gioong, hiphop, covid19, covid, corona, pinoy, philippines, youngbloods, dougie, congtv, teampayaman, jolai, viy, yow, bosskeng, exb, exbattalion, skustclee, yongee, flowg, angelicayap, offroad, livelife, ranzkyle, niana, ranz&niana, camping, offgrid, wildasovich, harabas",2025-02-17 00:00:00+00:00,['aysargsid'],Foreign,1
"Abot Kamay Na Pangarap: A happy ending for Zoey and Dax! (Full Episode 558) June 24, 2024",28,22,22,1085225,13301,1488,"GMA, GMA Network, GMA 7, GMA Teleserye, Entertainment, Drama, Abot Kamay Na Pangarap, Abot Kamay Na Pangarap GMA, Abot Kamay Na Pangarap latest episode, Abot Kamay Na Pangarap June 24 2024, Abot Kamay Na Pangarap Episode 558, vertical: entertainment, format: full episode, type: digital, series:Abot Kamay Na Pangarap, topic: love, family, medical, person: Jillian Ward, person: Kazel Kinouchi, person: Carmina Villarroel-Legaspi, location: Philippines, language: Filipino",2024-06-24 00:00:00+00:00,"['abot', 'kamay', 'pangarap', 'happy', 'ending', 'zoey', 'dax', 'episode', '558', 'june', '24', '2024']",Drama,12
An Honest Conversation with Ate by Alex Gonzaga,4,46,46,2434624,85351,4624,"Alex gonzaga, Alex vlog, New vlog, Ivana alawi, Zeinab, Cong tv, Showtime, Eat, Tvj, Tv5, Gma, Bulaga, News, Travel, New video, Vlog trip, Alex g, Gonzaga, Friends, Best friends, Bff, Funny, New vid, Vlog, Toni gonzaga, Tanay Rizal, Daily vlog, Tiktok, Lifestyle, Trending, Viral, Dance, Friendships, Yayamanin, House raid, Rich life, Niceprint, Wedding, Same day edit, Celebrity photography, Celebrity video, Home raid, House tour, Dongyan, Marian",2024-01-28 00:00:00+00:00,"['honest', 'conversation', 'ate', 'alex', 'gonzaga']",Videoblogging,5
"Anak ng Kumander | Manny Pacquiao, Ara Mina | Full Tagalog Action Movie",44,2,6,1070258,7291,160,"anak ng kumander full movie, jungo pinoy movies, tagalog movies, tagalog full movie, full movie, free movie, free full movie tagalog dubbed, full length filipino movies, manny pacquiao movie, tagalog dubbed full movie, tagalog dubbed full movie drama, tagalog dubbed, tagalized drama movies, tagalog dubbed drama movies, tagalized full movies, tagalized movie, best tagalog drama movies, tagalog dubbed drama movie, tagalog dubbed drama movies 2022, free tagalog movies",2024-03-22 00:00:00+00:00,"['anak', 'kumander', 'manny', 'pacquiao', 'ara', 'mina', 'tagalog', 'action', 'movie']",Movies,9
"Anak ng Kumander | Manny Pacquiao, Ara Mina | Full Tagalog Drama Movie",36,9,14,602237,4304,94,"anak ng kumander full movie, jungo pinoy movies, tagalog movies, tagalog full movie, full movie, free movie, free full movie tagalog dubbed, full length filipino movies, manny pacquiao movie, tagalog dubbed full movie, tagalog dubbed full movie drama, tagalog dubbed, tagalized drama movies, tagalog dubbed drama movies, tagalized full movies, tagalized movie, best tagalog drama movies, tagalog dubbed drama movie, tagalog dubbed drama movies 2022, free tagalog movies",2024-03-22 00:00:00+00:00,"['anak', 'kumander', 'manny', 'pacquiao', 'ara', 'mina', 'tagalog', 'drama', 'movie']",Movies,9
"Andi Eigenmann delivers statement on the passing of her mother, Jaclyn Jose",23,20,27,1261832,10537,1163,"ABS-CBN, ABS-CBN News, ABS-CBN Philippines, Philippine News, News, Philippines, News Daytime, TeleRadyo, TeleRadyo Live, ABS-CBN Livestream, ABS-CBN News Livestream, DZMM TeleRadyo, March 4 2024, 20240304news, ABS-CBNNews_LS, YT0psRoilher, format:report, format:interview, format:livereport, type:broadcast, genre:society, genre:politics, genre:economy, type:live, channel:ABS-CBNNews, #ABS-CBNNews_Livestream, Andi Eigenmann delivers statement, Andi Eigenmann, passing of her mother, Jaclyn Jose, Jaclyn",2024-03-04 00:00:00+00:00,"['andi', 'eigenmann', 'delivers', 'statement', 'passing', 'mother', 'jaclyn', 'jose']",News & Politics,8
Answering Hot Questions Infront of Your Partner by Alex Gonzaga,7,42,43,3185025,70423,3157,"Alex gonzaga, Alex vlog, New vlog, Ivana alawi, Zeinab, Cong tv, Showtime, Eat, Tvj, Tv5, Gma, Bulaga, News, Travel, New video, Vlog trip, Alex g, Gonzaga, Friends, Best friends, Bff, Funny, New vid, Vlog, Toni gonzaga, Tanay Rizal, Daily vlog, Tiktok, Lifestyle, Trending, Viral, Dance, Friendships, Yayamanin, House raid, Rich life, Niceprint, Wedding, Same day edit, Celebrity photography, Celebrity video, Home raid, House tour, Dongyan, Marian",2025-02-16 00:00:00+00:00,"['answering', 'hot', 'questions', 'infront', 'partner', 'alex', 'gonzaga']",Videoblogging,7
Asking EM on a DATE at THAILAND! (Valentines Special DAY - 6),29,-2,21,944021,41782,7873,,2024-02-13 00:00:00+00:00,"['asking', 'em', 'date', 'thailand', 'valentines', 'special', 'day']",Foreign,7
Asking EM on a DATE at THAILAND! (Valentines Special),22,28,28,772844,38204,7608,,2024-02-13 00:00:00+00:00,"['asking', 'em', 'date', 'thailand', 'valentines', 'special']",Foreign,6
BAKIT BIGLAANG PUMANAW si Sammy Manese na Kilalang Content Creator,24,26,26,155268,1692,108,"showbiz philippines, showbiz, philippines, sammy manese, sammy manese death, rip sammy manese",2023-11-29 00:00:00+00:00,"['biglaang', 'pumanaw', 'si', 'sammy', 'manese', 'kilalang', 'content', 'creator']",Shows,8
BALAHAW by Alex Gonzaga,4,41,46,4169475,141924,6607,"Alex gonzaga, Alex vlog, New vlog, Ivana alawi, Zeinab, Cong tv, Showtime, Eat, Tvj, Tv5, Gma, Bulaga, Travel, New video, Vlog trip, Alex g, Gonzaga, Friends, Best friends, Bff, Funny, New vid, Vlog, Daily vlog, Tiktok, Lifestyle, Trending, Viral, Dance, Friendships, Yayamanin, Rich life, Same day edit, Celebrity video, Home raid, House tour, Dongyan, Marian, Geo Ong, Jeo Ong, Jeremiah Ong, Ong Fam, Masid, Janice Ong, Joshua Ong, Palawa, Coron, El nido, San Vicente, Puerto Princesa, Jadon ong",2024-08-26 00:00:00+00:00,"['balahaw', 'alex', 'gonzaga']",Videoblogging,3
"BREADy, Set, Puksaan with SB19 | VICE GANDA",9,38,41,1468497,77720,10309,"vice ganda, vice, ganda, meme vice, meme, vicegandako, praybeytbenjamin, teamviceph, vice ganda house tour, vice ganda funny moments, vice ganda movie, gabing gabi na vice",2024-12-09 00:00:00+00:00,"['bready', 'set', 'puksaan', 'sb19', 'vice', 'ganda']",Comedy,6
BUENAVISTA: KAPAG DUMANAK ANG DUGO | ANJANETTE ABAYARI | FULL TAGALOG ACTION MOVIE,3,45,47,2442367,12038,132,"buenavista kapag dumanak ang dugo movie, jungo pinoy movies, tagalog movies, tagalog full movie, full movie, free movie, free full movie tagalog dubbed, full length filipino movies, full movie filipino film, tagalog dubbed full movie, tagalog dubbed full movie action, tagalog dubbed, tagalized action movies, tagalog dubbed action movies, tagalized full movies, best tagalog action movies, tagalog dubbed action film, tagalog dubbed action movies 2022, free tagalog movies",2023-12-18 00:00:00+00:00,"['buenavista', 'dumanak', 'dugo', 'anjanette', 'abayari', 'tagalog', 'action', 'movie']",Movies,8
"Babaeng biktimang pinatay sa bus, may video ng kanyang habilin | Frontline Tonight",3,47,47,2322969,15015,5212,"n5e, news5, news5digital, tv5, philippines, ph, news, breaking, news5everywhere, frontline, pilipinas, umaga, tonight, alerts, newsbreak, breakingnews, balita, marcos, bbm, duterte, tulfo, raffy, coc, fyp, fyi, newsph, breakingnewsph, socialnewsph, entertainmentnewsph, entertainment, tiktoknews, tiktok, trending, sarah, pba, uaap, vlog, sports",2023-11-17 00:00:00+00:00,"['babaeng', 'biktimang', 'pinatay', 'bus', 'video', 'habilin', 'frontline', 'tonight']",Entertainment,8
"Bahay ng komedyanteng si Mura sa Ligao City, Albay, natupok ng apoy! | Kapuso Mo, Jessica Soho",28,22,22,951379,12053,1023,"GMA, GMA 7, GMA Public Affairs, Public Affairs, Magazine, Kapuso Mo Jessica Soho, KMJS, Jessica Soho, KMJS 2024, genre:entertainment, format:interview, source:video, series:Kapuso Mo, topic:explainer, interview, news magazine, kmjs, kapuso mo jessica soho, trending news, kmjs today, kmjs latest, kapuso mo jessica soho latest episode, person:Jessica Soho, language:Filipino, bahay ni mura nasunog, sunog sa bahay ni mura, mura actor, mura comedian, kmjs mura, gma public affairs kmjs, gma",2024-05-06 00:00:00+00:00,"['bahay', 'komedyanteng', 'si', 'mura', 'ligao', 'city', 'albay', 'natupok', 'apoy', 'kapuso', 'mo', 'jessica', 'soho']",Entertainment,13
Birthday Bill Prank kay Mommy Pinty by Alex Gonzaga,2,29,48,4138658,78451,1903,"Alex gonzaga, Alex vlog, New vlog, Ivana alawi, Zeinab, Cong tv, Showtime, Eat, Tvj, Tv5, Gma, Bulaga, News, Travel, New video, Vlog trip, Alex g, Gonzaga, Friends, Best friends, Bff, Funny, New vid, Vlog, Toni gonzaga, Tanay Rizal, Daily vlog, Tiktok, Lifestyle, Trending, Viral, Dance, Friendships, Yayamanin, House raid, Rich life, Same day edit, Celebrity photography, Celebrity video, Home raid, House tour, Dongyan, Marian, Polly, toni gonzaga, gonzaga sisters",2024-09-15 00:00:00+00:00,"['birthday', 'bill', 'prank', 'kay', 'mommy', 'pinty', 'alex', 'gonzaga']",Videoblogging,8
"Bride at groom, sinermunan ng pari bago pa man sila ikasal?! | Kapuso Mo, Jessica Soho",18,20,32,2156100,25592,5851,"GMA, GMA 7, GMA Public Affairs, Public Affairs, Kapuso Mo Jessica Soho, KMJS, Jessica Soho, KMJS 2024, vertical:news, genre:entertainment, format:interview, type:digital, series:Kapuso Mo, topic:explainer, kmjs, kapuso mo jessica soho, kmjs latest, kapuso mo jessica soho latest episode, person:Jessica Soho, kmjs latest episode, kmjs June 16 2024, bride groom sinermunan, bride at groom hiyang hiya sa sariling kasal, viral bride sinermunan, viral bride kasal, bride and groom take 2",2024-06-17 00:00:00+00:00,"['bride', 'groom', 'sinermunan', 'pari', 'man', 'ikasal', 'kapuso', 'mo', 'jessica', 'soho']",Entertainment,10
CEBU ADVENTURE (5 HRS LUMAKAD)  | JELAI ANDRES,31,17,19,337952,11430,368,"jelai, jelaiandresvlog, jelai andres, jelai andres vlogs, buboy villar, jelai andres and buboy villar, cebu, jelai andres in cebu, buboy villar in cebu, jelai and buboy cebu, bantayan island, khenji saito, andres sisters, travel jelai andres, lets j jelai andres, bulai, bulai sa cebu, miloves, jelai buboy vlog, fast talk with boy abunda jelai and buboy, jelai surprise kay buboy, jelai andres swimsuit, jelai andres bisaya",2023-11-14 00:00:00+00:00,"['cebu', 'adventure', 'hrs', 'lumakad', 'jelai', 'andres']",Videoblogging,6
CEO Christmas Caroling by Alex Gonzaga,2,48,48,3095215,137763,7300,"Alex gonzaga, Alex vlog, New vlog, Ivana alawi, Zeinab, Cong tv, Showtime, Eat, Tvj, Tv5, Gma, Bulaga, News, Travel, New video, Vlog trip, Alex g, Gonzaga, Friends, Best friends, Bff, Funny, New vid, Vlog, Toni gonzaga, Tanay Rizal, Daily vlog, Tiktok, Lifestyle, Trending, Viral, Dance, Friendships, Yayamanin, House raid, Rich life, Niceprint, Wedding, Same day edit, Celebrity photography, Celebrity video, Home raid, House tour, Dongyan, Marian",2024-01-07 00:00:00+00:00,"['ceo', 'christmas', 'caroling', 'alex', 'gonzaga']",Videoblogging,5
CREEPY,41,9,9,1978476,77392,6562,"geo ong, vlog, vlogger, ybs, travel, adventure, palawan, gio, ong, gioong, hiphop, covid19, covid, corona, pinoy, philippines, youngbloods, dougie, congtv, teampayaman, jolai, viy, yow, bosskeng, exb, exbattalion, skustclee, yongee, flowg, angelicayap, offroad, livelife, ranzkyle, niana, ranz&niana, camping, offgrid, wildasovich, harabas",2024-05-25 00:00:00+00:00,['creepy'],Foreign,1
"Capinpin brothers, may 3 bahay at lupa na iniregalo nila sa kanilang ina! | Kapuso Mo, Jessica Soho",1,48,49,1991240,48277,1221,"GMA, GMA 7, GMA Public Affairs, Public Affairs, Magazine, Kapuso Mo Jessica Soho, KMJS, Jessica Soho, KMJS 2024, Kapuso Mo Jessica Soho January 7 2024, vertical:news, genre:entertainment, format:interview, source:video, type:digital, series:Kapuso Mo, topic:explainer, interview, news magazine, kapuso mo jessica soho, trending news, kmjs today, kapuso mo jessica soho latest episode, person:Jessica Soho, location:Philippines, language:Filipino, Capinpin Brothers, Chief Allen, Ser Geybin",2024-01-08 00:00:00+00:00,"['capinpin', 'brothers', 'bahay', 'lupa', 'iniregalo', 'ina', 'kapuso', 'mo', 'jessica', 'soho']",Entertainment,10
"Cedric Lee, Deniece Cornejo, at 2 iba pa, pinatawan ng parusang habambuhay na pagkabilanggo",13,37,37,1058564,12394,4660,"n5e, news5, news5digital, tv5, philippines, ph, news, breaking, news5everywhere, frontline, pilipinas, umaga, tonight, alerts, newsbreak, breakingnews, balita, marcos, bbm, duterte, tulfo, raffy, coc, fyp, fyi, newsph, breakingnewsph, socialnewsph, entertainmentnewsph, entertainment, tiktoknews, tiktok, trending, sarah, pba, uaap, vlog, sports",2024-05-02 00:00:00+00:00,"['cedric', 'lee', 'deniece', 'cornejo', 'pinatawan', 'parusang', 'habambuhay', 'pagkabilanggo']",Entertainment,8
DAMAY DAMAY NA,3,47,47,1553700,67974,4001,"geo ong, vlog, vlogger, ybs, travel, adventure, palawan, gio, ong, gioong, hiphop, covid19, covid, corona, pinoy, philippines, youngbloods, dougie, congtv, teampayaman, jolai, viy, yow, bosskeng, exb, exbattalion, skustclee, yongee, flowg, angelicayap, offroad, livelife, ranzkyle, niana, ranz&niana, camping, offgrid, wildasovich, harabas",2024-04-06 00:00:00+00:00,"['damay', 'damay']",Foreign,2
DIEGO | JESTONI ALARCON | FULL TAGALOG ACTION MOVIE,3,47,47,1233781,6869,80,"diego movie, jungo pinoy movies, tagalog movies, tagalog full movie, full movie, free movie, free full movie tagalog dubbed, full length filipino movies, full movie filipino film, tagalog dubbed full movie, tagalog dubbed full movie action, tagalog dubbed, tagalized action movies, tagalog dubbed action movies, tagalized full movies, best tagalog action movies, tagalog dubbed action film, tagalog dubbed action movies 2022, free tagalog movies",2023-11-25 00:00:00+00:00,"['diego', 'jestoni', 'alarcon', 'tagalog', 'action', 'movie']",Foreign,6
DOLAINAB AT TEAM PAYAMAN FAIR,16,34,34,514189,14542,253,"jelai, jelaiandresvlog, jelai andres, jelai andres vlogs, dolainab, dolainab vlogs, dolainab at team payaman fair, team payaman fair, miloves, zeinab harake, donnalyn bartolome, dolainab performance, jelai donna zeinab, zebbys, team zebbys, dolainab babies, flava dolainab, tp fair, jelai andres tp fair",2024-01-10 00:00:00+00:00,"['dolainab', 'team', 'payaman', 'fair']",Videoblogging,4
DOMENG NAMAN,1,49,49,2958008,138288,6177,"geo ong, vlog, vlogger, ybs, travel, adventure, palawan, gio, ong, gioong, hiphop, covid19, covid, corona, pinoy, philippines, youngbloods, dougie, congtv, teampayaman, jolai, viy, yow, bosskeng, exb, exbattalion, skustclee, yongee, flowg, angelicayap, offroad, livelife, ranzkyle, niana, ranz&niana, camping, offgrid, wildasovich, harabas",2024-01-27 00:00:00+00:00,"['domeng', 'naman']",Foreign,2
DUTERTE SA ICC: The ABS-CBN News Live Special Coverage,3,47,47,2246374,10166,1332,"ABS-CBN, ABS-CBN News, Philippine News, News, ABS-CBN News Channel, DZMM Teleradyo, ABS CBN DZMM, March 14 2025, 20250314abscbnlivestream, YT0psLance, News Daytime, type:highlights, series:Kabayan, channel:ABS-CBNNews, format:straight, #ABSCBNNewsLivestreams, #ABSCBNNewsLivestreamPressBriefings",2025-03-14 00:00:00+00:00,"['duterte', 'icc', 'abscbn', 'news', 'live', 'special', 'coverage']",Shows,7
"Dalaga, dalawang taon nang nakakadena sa gilid ng bangin sa Sultan Kudarat | Kapuso Mo, Jessica Soho",27,23,23,3069560,39220,4000,"GMA 7, GMA Public Affairs, Public Affairs, Kapuso Mo Jessica Soho, KMJS, Jessica Soho, KMJS 2024, Kapuso Mo Jessica Soho February 4 2024, vertical:news, genre:entertainment, format:interview, source:video, type:digital, kmjs, kapuso mo jessica soho, kmjs latest, kapuso mo jessica soho latest episode, person:Jessica Soho, location:Philippines, language:Filipino, KMJS sultan kudarat, kadena, kmjs kadena, kadena kmjs, kinadena kmjs, babae kinadena kmjs, gma public affairs, kadena story",2024-02-05 00:00:00+00:00,"['dalaga', 'dalawang', 'taon', 'nang', 'nakakadena', 'gilid', 'bangin', 'sultan', 'kudarat', 'kapuso', 'mo', 'jessica', 'soho']",Entertainment,13
"Dalagita mula Cebu, kinalbo dahil sa sandamakmak na kuto sa kanyang ulo?! | Kapuso Mo, Jessica Soho",2,48,48,2989503,20090,3672,"GMA, GMA 7, GMA Public Affairs, Public Affairs, Magazine, Kapuso Mo Jessica Soho, KMJS, Jessica Soho, KMJS 2024, genre:entertainment, format:interview, source:video, type:digital, series:Kapuso Mo, topic:explainer, kmjs, kapuso mo jessica soho, trending news, kmjs today, kmjs latest, kapuso mo jessica soho latest episode, person:Jessica Soho, location:Philippines, language:Filipino, KMJS kuto, babae kinalbo dahil sa kuto, sandamakmak na kuto, kuto ng isang babae, summer kmjs, kmjs kuto",2024-04-29 00:00:00+00:00,"['dalagita', 'cebu', 'kinalbo', 'sandamakmak', 'kuto', 'ulo', 'kapuso', 'mo', 'jessica', 'soho']",Entertainment,10
Diego | Jestoni Alarcon | Full Tagalog Action Movie,30,20,20,1107718,6060,50,"diego, diego full movie, tagalog movies, jestoni alarcon movie, tagalog full movie, full movie, free movie, free full movie tagalog dubbed, full length filipino movies, full movie filipino film, tagalog dubbed full movie, tagalog dubbed full movie action, tagalog dubbed, tagalized action movies, tagalog dubbed action movies, tagalized full movies, best tagalog action movies, tagalog dubbed action movie, tagalog dubbed action movies 2024, tagalized movie",2024-12-15 00:00:00+00:00,"['diego', 'jestoni', 'alarcon', 'tagalog', 'action', 'movie']",Movies,6
Diwata Pares by Alex Gonzaga,4,45,46,5111212,149529,6134,"Alex gonzaga, Alex vlog, New vlog, Ivana alawi, Zeinab, Cong tv, Showtime, Eat, Tvj, Tv5, Gma, Bulaga, News, Travel, New video, Vlog trip, Alex g, Gonzaga, Friends, Best friends, Bff, Funny, New vid, Vlog, Toni gonzaga, Tanay Rizal, Daily vlog, Tiktok, Lifestyle, Trending, Viral, Dance, Friendships, Yayamanin, House raid, Rich life, Niceprint, Wedding, Same day edit, Celebrity photography, Celebrity video, Home raid, House tour, Dongyan, Marian",2024-04-21 00:00:00+00:00,"['diwata', 'pares', 'alex', 'gonzaga']",Videoblogging,4
"Doc Willie May Bagong Pagsubok Na Naman, Nag Kritikal (Sept 7-11, 2024)",5,32,45,4218196,162063,692,"heal, health, home remedies, doctor, weight loss, food, nutrition, health tips, treatment, symptoms, diagnosis, natural, alternative, easy, cheap, effective",2024-09-16 00:00:00+00:00,"['doc', 'willie', 'bagong', 'pagsubok', 'naman', 'nag', 'kritikal', 'sept', '711', '2024']",Family,10
Double Date sa Italy by Alex Gonzaga,14,36,36,1929013,34221,1104,"Alex gonzaga, Alex vlog, New vlog, Ivana alawi, Zeinab, Cong tv, Showtime, Eat, Tvj, Tv5, Gma, Bulaga, News, Travel, New video, Vlog trip, Alex g, Gonzaga, Friends, Best friends, Bff, Funny, New vid, Vlog, Toni gonzaga, Tanay Rizal, Daily vlog, Tiktok, Lifestyle, Trending, Viral, Dance, Friendships, Yayamanin, House raid, Rich life, Niceprint, Wedding, Same day edit, Celebrity photography, Celebrity video, Home raid, House tour, Dongyan, Marian",2024-10-05 00:00:00+00:00,"['double', 'date', 'italy', 'alex', 'gonzaga']",Videoblogging,5
"EMRYS, Can you be my GIRLFRIEND? (DAY 4 & 5)",5,31,45,1061907,59191,6603,,2024-02-16 00:00:00+00:00,"['emrys', 'girlfriend', 'day']",Entertainment,3
"EXCLUSIVE FULL INTERVIEW: Bamban Mayor Alice Guo, sinagot ang mga isyung ibinabato sa kanya",1,49,49,3114688,24003,25125,"ABS-CBN, ABS-CBN News, ABS-CBN Philippines, Philippine News, News, Philippines, Alice Guo, ABS-CBN News Exclusive, #ABS-CBNNews_Exclusive, nighttime, tagalog news, latest news, news update, recent news, YT0psRebecca, 05202024news, May 20 2024, channel:ABSCBNNews, series:ABSCBNNewsExclusive, genre:crime, genre:politics, format:report, type:broadcast, type:highlight, source:video, source:audio, Bamban Tarlac, Bamban, Tarlac, Bamban Tarlac Mayor, Bamban Mayor, Karen Davila, politics, isyu, issue, crime",2024-05-20 00:00:00+00:00,"['exclusive', 'interview', 'bamban', 'mayor', 'alice', 'guo', 'sinagot', 'isyung', 'ibinabato']",News & Politics,9
EXCLUSIVE: Maris Racal addresses issue with Anthony Jennings | ABS-CBN News,1,49,49,3653716,31631,34364,"ABS-CBN, ABS-CBN News, ABS-CBN Philippines, Philippine News, News, Philippines, ABS-CBN News Exclusive, news, nighttime, english news, latest news, news update, recent news, YT0psKrb, 12062024news, December 6 2024, channel:ABSCBNNews, genre:society, genre:politics, format:report, type:broadcast, type:highlight, source:video, source:audio, Maris Racal issue, Maris Racal, Anthony Jennings, Jamela Villanueva, Maris issue, Maris, Anthony, Jamela, viral news, celebrity news, celebrity viral, celebrity",2024-12-06 00:00:00+00:00,"['exclusive', 'maris', 'racal', 'addresses', 'issue', 'anthony', 'jennings', 'abscbn', 'news']",News & Politics,9
Especially for RosarYOU: A Valentine Vlog | VICE GANDA,9,41,41,1507786,37598,1703,,2024-02-14 00:00:00+00:00,"['especially', 'rosaryou', 'valentine', 'vlog', 'vice', 'ganda']",Videoblogging,6
Eto na ang jejeng Marimar si MARENGMAR! 💃🏼,22,20,28,750429,43578,2108,,2024-05-27 00:00:00+00:00,"['eto', 'jejeng', 'marimar', 'si', 'marengmar']",Foreign,5
"FPJ's Batang Quiapo | Episode 183 (2/3) | October 27, 2023 (with Eng Subs)",14,36,36,2538837,20465,510,"ABS-CBN, ABS-CBN Online, ABS-CBN Philippines, ABS-CBNEntertainment, vertical:drama, genre:Drama, genre:comedy, genre:family, series:FPJsBatangQuiapo, Tagalog Series, person:PingMedina, person:RonaldoValdez, person:CocoMartin, person:LoviPoe, person:CharoSantos, person:ChristopherDeLeon, FPJs Batang Quiapo 2023, person:EjayFalcon, person:PhilipSalvador, person:CherryPiePicache, person:TommyAbuel, Batang Quiapo Oct 27, #FPJBQKolateral, #FPJBatangQuiapo_VOD, October 27 2023, 20231026online, YT0psSanti, Ep 183",2023-10-27 00:00:00+00:00,"['fpj', 'batang', 'quiapo', 'episode', '183', '23', 'october', '27', '2023', 'eng', 'subs']",Entertainment,11
"FPJ's Batang Quiapo | Episode 183 (3/3) | October 27, 2023 (with Eng Subs)",12,38,38,2900818,26160,566,"ABS-CBN, ABS-CBN Online, ABS-CBN Philippines, ABS-CBNEntertainment, vertical:drama, genre:Drama, genre:comedy, genre:family, series:FPJsBatangQuiapo, Tagalog Series, person:PingMedina, person:RonaldoValdez, person:CocoMartin, person:LoviPoe, person:CharoSantos, person:ChristopherDeLeon, FPJs Batang Quiapo 2023, person:EjayFalcon, person:PhilipSalvador, person:CherryPiePicache, person:TommyAbuel, Batang Quiapo Oct 27, #FPJBQKolateral, #FPJBatangQuiapo_VOD, October 27 2023, 20231026online, YT0psSanti, Ep 183",2023-10-27 00:00:00+00:00,"['fpj', 'batang', 'quiapo', 'episode', '183', '33', 'october', '27', '2023', 'eng', 'subs']",Entertainment,11
"FPJ's Batang Quiapo | Episode 188 (2/3) | November 3, 2023 (with Eng Subs)",12,38,38,2797058,23266,340,"ABS-CBN, ABS-CBN Online, ABS-CBN Philippines, ABS-CBNEntertainment, vertical:drama, genre:Drama, genre:comedy, genre:family, series:FPJsBatangQuiapo, Tagalog Series, person:PingMedina, person:RonaldoValdez, person:CocoMartin, person:LoviPoe, person:CharoSantos, person:ChristopherDeLeon, FPJs Batang Quiapo 2023, person:EjayFalcon, person:PhilipSalvador, person:CherryPiePicache, person:TommyAbuel, Batang Quiapo Nov 2, #FPJBQSunudSunod, #FPJBatangQuiapo_VOD, November 2 2023, 20231102online, YT0psSanti, Ep 187",2023-11-03 00:00:00+00:00,"['fpj', 'batang', 'quiapo', 'episode', '188', '23', 'november', '2023', 'eng', 'subs']",Entertainment,10
"FPJ's Batang Quiapo | Episode 188 (3/3) | November 3, 2023 (with Eng Subs)",11,39,39,2896033,33819,3548,"ABS-CBN, ABS-CBN Online, ABS-CBN Philippines, ABS-CBNEntertainment, vertical:drama, genre:Drama, genre:comedy, genre:family, series:FPJsBatangQuiapo, Tagalog Series, person:PingMedina, person:RonaldoValdez, person:CocoMartin, person:LoviPoe, person:CharoSantos, person:ChristopherDeLeon, FPJs Batang Quiapo 2023, person:EjayFalcon, person:PhilipSalvador, person:CherryPiePicache, person:TommyAbuel, Batang Quiapo Nov 2, #FPJBQSunudSunod, #FPJBatangQuiapo_VOD, November 2 2023, 20231102online, YT0psSanti, Ep 187",2023-11-03 00:00:00+00:00,"['fpj', 'batang', 'quiapo', 'episode', '188', '33', 'november', '2023', 'eng', 'subs']",Entertainment,10
"FPJ's Batang Quiapo | Episode 193 (2/4) | November 10, 2023 (with Eng Subs)",29,21,21,2502372,20194,254,"ABS-CBN, ABS-CBN Online, ABS-CBN Philippines, ABS-CBNEntertainment, vertical:drama, genre:Drama, genre:comedy, genre:family, series:FPJsBatangQuiapo, Tagalog Series, person:PingMedina, person:RonaldoValdez, person:CocoMartin, person:LoviPoe, person:CharoSantos, person:ChristopherDeLeon, FPJs Batang Quiapo 2023, person:EjayFalcon, person:PhilipSalvador, person:CherryPiePicache, person:TommyAbuel, Batang Quiapo Nov 10, #FPJBQKasado, #FPJBatangQuiapo_VOD, November 10 2023, 20231110online, YT0psSanti, Ep 193",2023-11-10 00:00:00+00:00,"['fpj', 'batang', 'quiapo', 'episode', '193', '24', 'november', '10', '2023', 'eng', 'subs']",Entertainment,11
"FPJ's Batang Quiapo | Episode 193 (3/4) | November 10, 2023 (with Eng Subs)",16,34,34,2404632,21594,591,"ABS-CBN, ABS-CBN Online, ABS-CBN Philippines, ABS-CBNEntertainment, vertical:drama, genre:Drama, genre:comedy, genre:family, series:FPJsBatangQuiapo, Tagalog Series, person:PingMedina, person:RonaldoValdez, person:CocoMartin, person:LoviPoe, person:CharoSantos, person:ChristopherDeLeon, FPJs Batang Quiapo 2023, person:EjayFalcon, person:PhilipSalvador, person:CherryPiePicache, person:TommyAbuel, Batang Quiapo Nov 10, #FPJBQKasado, #FPJBatangQuiapo_VOD, November 10 2023, 20231110online, YT0psSanti, Ep 193",2023-11-10 00:00:00+00:00,"['fpj', 'batang', 'quiapo', 'episode', '193', '34', 'november', '10', '2023', 'eng', 'subs']",Entertainment,11
"FPJ's Batang Quiapo | Episode 193 (4/4) | November 10, 2023 (with Eng Subs)",11,39,39,2961735,27204,829,"ABS-CBN, ABS-CBN Online, ABS-CBN Philippines, ABS-CBNEntertainment, vertical:drama, genre:Drama, genre:comedy, genre:family, series:FPJsBatangQuiapo, Tagalog Series, person:PingMedina, person:RonaldoValdez, person:CocoMartin, person:LoviPoe, person:CharoSantos, person:ChristopherDeLeon, FPJs Batang Quiapo 2023, person:EjayFalcon, person:PhilipSalvador, person:CherryPiePicache, person:TommyAbuel, Batang Quiapo Nov 10, #FPJBQKasado, #FPJBatangQuiapo_VOD, November 10 2023, 20231110online, YT0psSanti, Ep 193",2023-11-10 00:00:00+00:00,"['fpj', 'batang', 'quiapo', 'episode', '193', '44', 'november', '10', '2023', 'eng', 'subs']",Entertainment,11
"FPJ's Batang Quiapo | Episode 198 (2/3) | November 17, 2023 (with Eng Subs)",13,37,37,2936195,23301,561,"ABS-CBN, ABS-CBN Online, ABS-CBN Philippines, ABS-CBNEntertainment, vertical:drama, genre:Drama, genre:family, series:FPJsBatangQuiapo, Tagalog Series, person:PingMedina, person:RonaldoValdez, person:CocoMartin, person:LoviPoe, person:CharoSantos, person:ChristopherDeLeon, FPJs Batang Quiapo 2023, person:EjayFalcon, person:PhilipSalvador, person:CherryPiePicache, person:TommyAbuel, Batang Quiapo Nov 17, #FPJBQMagpakilala, #FPJBatangQuiapo_VOD, November 17 2023, 20231117online, YT0psSanti, Ep 198",2023-11-17 00:00:00+00:00,"['fpj', 'batang', 'quiapo', 'episode', '198', '23', 'november', '17', '2023', 'eng', 'subs']",Entertainment,11
"FPJ's Batang Quiapo | Episode 198 (3/3) | November 17, 2023 (with Eng Subs)",11,39,39,3095069,28422,1209,"ABS-CBN, ABS-CBN Online, ABS-CBN Philippines, ABS-CBNEntertainment, vertical:drama, genre:Drama, genre:family, series:FPJsBatangQuiapo, Tagalog Series, person:PingMedina, person:RonaldoValdez, person:CocoMartin, person:LoviPoe, person:CharoSantos, person:ChristopherDeLeon, FPJs Batang Quiapo 2023, person:EjayFalcon, person:PhilipSalvador, person:CherryPiePicache, person:TommyAbuel, Batang Quiapo Nov 17, #FPJBQMagpakilala, #FPJBatangQuiapo_VOD, November 17 2023, 20231117online, YT0psSanti, Ep 198",2023-11-17 00:00:00+00:00,"['fpj', 'batang', 'quiapo', 'episode', '198', '33', 'november', '17', '2023', 'eng', 'subs']",Entertainment,11
"FPJ's Batang Quiapo | Episode 213 (2/3) | December 8, 2023 (with Eng Subs)",28,22,22,2112243,18116,207,"ABS-CBN, ABS-CBN Online, ABS-CBN Philippines, ABS-CBNEntertainment, vertical:drama, genre:Drama, genre:family, series:FPJsBatangQuiapo, Tagalog Series, person:PingMedina, person:RonaldoValdez, person:CocoMartin, person:LoviPoe, person:CharoSantos, person:ChristopherDeLeon, FPJs Batang Quiapo 2023, person:EjayFalcon, person:PhilipSalvador, person:CherryPiePicache, person:TommyAbuel, Batang Quiapo Dec 8, #FPJBatangQuiapo_VOD, December 8 2023, 20231207online, Ep 213, #FPJBQTagpo, YT0psSanti",2023-12-08 00:00:00+00:00,"['fpj', 'batang', 'quiapo', 'episode', '213', '23', 'december', '2023', 'eng', 'subs']",Entertainment,10
"FPJ's Batang Quiapo | Episode 213 (3/3) | December 8, 2023 (with Eng Subs)",30,20,20,2434671,21737,944,"ABS-CBN, ABS-CBN Online, ABS-CBN Philippines, ABS-CBNEntertainment, vertical:drama, genre:Drama, genre:family, series:FPJsBatangQuiapo, Tagalog Series, person:PingMedina, person:RonaldoValdez, person:CocoMartin, person:LoviPoe, person:CharoSantos, person:ChristopherDeLeon, FPJs Batang Quiapo 2023, person:EjayFalcon, person:PhilipSalvador, person:CherryPiePicache, person:TommyAbuel, Batang Quiapo Dec 8, #FPJBatangQuiapo_VOD, December 8 2023, 20231207online, Ep 213, #FPJBQTagpo, YT0psSanti",2023-12-08 00:00:00+00:00,"['fpj', 'batang', 'quiapo', 'episode', '213', '33', 'december', '2023', 'eng', 'subs']",Entertainment,10
"FPJ's Batang Quiapo | Episode 215 (2/4) | December 12, 2023 (with Eng Subs)",36,14,14,1802198,16239,194,"ABS-CBN, ABS-CBN Online, ABS-CBN Philippines, ABS-CBNEntertainment, vertical:drama, genre:Drama, genre:family, series:FPJsBatangQuiapo, Tagalog Series, person:PingMedina, person:RonaldoValdez, person:CocoMartin, person:LoviPoe, person:CharoSantos, person:ChristopherDeLeon, FPJs Batang Quiapo 2023, person:EjayFalcon, person:PhilipSalvador, person:CherryPiePicache, person:TommyAbuel, Batang Quiapo Dec 12, #FPJBatangQuiapo_VOD, December 12 2023, 20231212online, Ep 215, #FPJBQTakas, YT0psLen",2023-12-12 00:00:00+00:00,"['fpj', 'batang', 'quiapo', 'episode', '215', '24', 'december', '12', '2023', 'eng', 'subs']",Entertainment,11
"FPJ's Batang Quiapo | Episode 215 (3/4) | December 12, 2023 (with Eng Subs)",33,17,17,1821475,15567,197,"ABS-CBN, ABS-CBN Online, ABS-CBN Philippines, ABS-CBNEntertainment, vertical:drama, genre:Drama, genre:family, series:FPJsBatangQuiapo, Tagalog Series, person:PingMedina, person:RonaldoValdez, person:CocoMartin, person:LoviPoe, person:CharoSantos, person:ChristopherDeLeon, FPJs Batang Quiapo 2023, person:EjayFalcon, person:PhilipSalvador, person:CherryPiePicache, person:TommyAbuel, Batang Quiapo Dec 12, #FPJBatangQuiapo_VOD, December 12 2023, 20231212online, Ep 215, #FPJBQTakas, YT0psLen",2023-12-12 00:00:00+00:00,"['fpj', 'batang', 'quiapo', 'episode', '215', '34', 'december', '12', '2023', 'eng', 'subs']",Entertainment,11
"FPJ's Batang Quiapo | Episode 218 (2/3) | December 15, 2023 (with Eng Subs)",29,21,21,2112717,19245,256,"ABS-CBN, ABS-CBN Online, ABS-CBN Philippines, ABS-CBNEntertainment, vertical:drama, genre:Drama, genre:family, series:FPJsBatangQuiapo, Tagalog Series, person:PingMedina, person:RonaldoValdez, person:CocoMartin, person:LoviPoe, person:CharoSantos, person:ChristopherDeLeon, FPJs Batang Quiapo 2023, person:EjayFalcon, person:PhilipSalvador, person:CherryPiePicache, person:TommyAbuel, Batang Quiapo Dec 15, #FPJBatangQuiapo_VOD, December 15 2023, 20231214online, Ep 218, #FPJBQTulong, YT0psSanti",2023-12-15 00:00:00+00:00,"['fpj', 'batang', 'quiapo', 'episode', '218', '23', 'december', '15', '2023', 'eng', 'subs']",Entertainment,11
"FPJ's Batang Quiapo | Episode 218 (3/3) | December 15, 2023 (with Eng Subs)",36,14,14,1973925,18311,867,"ABS-CBN, ABS-CBN Online, ABS-CBN Philippines, ABS-CBNEntertainment, vertical:drama, genre:Drama, genre:family, series:FPJsBatangQuiapo, Tagalog Series, person:PingMedina, person:RonaldoValdez, person:CocoMartin, person:LoviPoe, person:CharoSantos, person:ChristopherDeLeon, FPJs Batang Quiapo 2023, person:EjayFalcon, person:PhilipSalvador, person:CherryPiePicache, person:TommyAbuel, Batang Quiapo Dec 15, #FPJBatangQuiapo_VOD, December 15 2023, 20231214online, Ep 218, #FPJBQTulong, YT0psSanti",2023-12-15 00:00:00+00:00,"['fpj', 'batang', 'quiapo', 'episode', '218', '33', 'december', '15', '2023', 'eng', 'subs']",Entertainment,11
"FPJ's Batang Quiapo | Episode 223 (2/2) | December 22, 2023 (with Eng Subs)",28,22,22,2604869,25180,1136,"ABS-CBN, ABS-CBN Online, ABS-CBN Philippines, ABS-CBNEntertainment, vertical:drama, genre:Drama, genre:family, series:FPJsBatangQuiapo, Tagalog Series, person:PingMedina, person:RonaldoValdez, person:CocoMartin, person:LoviPoe, person:CharoSantos, person:ChristopherDeLeon, FPJs Batang Quiapo 2023, person:EjayFalcon, person:PhilipSalvador, person:CherryPiePicache, person:TommyAbuel, Batang Quiapo Dec 21, #FPJBatangQuiapo_VOD, December 21 2023, 20231221online, Ep 222, #FPJNalagas, YT0psLen",2023-12-22 00:00:00+00:00,"['fpj', 'batang', 'quiapo', 'episode', '223', '22', 'december', '22', '2023', 'eng', 'subs']",Entertainment,11
"FPJ's Batang Quiapo | Episode 228 (2/3) | December 29, 2023 (with Eng Subs)",31,19,19,1838904,17469,583,"ABS-CBN, ABS-CBN Online, ABS-CBN Philippines, ABS-CBNEntertainment, vertical:drama, genre:Drama, genre:family, series:FPJsBatangQuiapo, Tagalog Series, person:PingMedina, person:RonaldoValdez, person:CocoMartin, person:LoviPoe, person:CharoSantos, person:ChristopherDeLeon, FPJs Batang Quiapo 2023, person:EjayFalcon, person:PhilipSalvador, person:CherryPiePicache, person:TommyAbuel, Batang Quiapo Dec 28, #FPJBatangQuiapo_VOD, December 28 2023, 20231228online, Ep 257, #FPJBQPangungulila, YT0psLen",2023-12-29 00:00:00+00:00,"['fpj', 'batang', 'quiapo', 'episode', '228', '23', 'december', '29', '2023', 'eng', 'subs']",Entertainment,11
"FPJ's Batang Quiapo | Episode 228 (3/3) | December 29, 2023 (with Eng Subs)",29,21,21,2069645,18913,991,"ABS-CBN, ABS-CBN Online, ABS-CBN Philippines, ABS-CBNEntertainment, vertical:drama, genre:Drama, genre:family, series:FPJsBatangQuiapo, Tagalog Series, person:PingMedina, person:RonaldoValdez, person:CocoMartin, person:LoviPoe, person:CharoSantos, person:ChristopherDeLeon, FPJs Batang Quiapo 2023, person:EjayFalcon, person:PhilipSalvador, person:CherryPiePicache, person:TommyAbuel, Batang Quiapo Dec 28, #FPJBatangQuiapo_VOD, December 28 2023, 20231228online, Ep 257, #FPJBQPangungulila, YT0psLen",2023-12-29 00:00:00+00:00,"['fpj', 'batang', 'quiapo', 'episode', '228', '33', 'december', '29', '2023', 'eng', 'subs']",Entertainment,11
"FPJ's Batang Quiapo | Episode 233 (1/2) | January 5, 2024 (with Eng Subs)",41,9,9,2912701,27792,972,"ABS-CBN, ABS-CBN Online, ABS-CBN Philippines, ABS-CBNEntertainment, vertical:drama, genre:Drama, genre:family, series:FPJsBatangQuiapo, Tagalog Series, person:PingMedina, person:RonaldoValdez, person:CocoMartin, person:LoviPoe, person:CharoSantos, person:ChristopherDeLeon, FPJs Batang Quiapo 2024, person:EjayFalcon, person:PhilipSalvador, person:CherryPiePicache, person:TommyAbuel, Batang Quiapo Jan 4, #FPJBatangQuiapo_VOD, January 5 2024, 20240105online, Ep 233, #FPJBQSampaguita, YT0psSanti",2024-01-05 00:00:00+00:00,"['fpj', 'batang', 'quiapo', 'episode', '233', '12', 'january', '2024', 'eng', 'subs']",Entertainment,10
"FPJ's Batang Quiapo | Episode 233 (2/2) | January 5, 2024 (with Eng Subs)",20,30,30,2367753,24926,2061,"ABS-CBN, ABS-CBN Online, ABS-CBN Philippines, ABS-CBNEntertainment, vertical:drama, genre:Drama, genre:family, series:FPJsBatangQuiapo, Tagalog Series, person:PingMedina, person:RonaldoValdez, person:CocoMartin, person:LoviPoe, person:CharoSantos, person:ChristopherDeLeon, FPJs Batang Quiapo 2024, person:EjayFalcon, person:PhilipSalvador, person:CherryPiePicache, person:TommyAbuel, Batang Quiapo Jan 4, #FPJBatangQuiapo_VOD, January 5 2024, 20240105online, Ep 233, #FPJBQSampaguita, YT0psSanti",2024-01-05 00:00:00+00:00,"['fpj', 'batang', 'quiapo', 'episode', '233', '22', 'january', '2024', 'eng', 'subs']",Entertainment,10
"FPJ's Batang Quiapo | Episode 236 (2/2) | January 10, 2024 (with Eng Subs)",11,39,39,2057680,20654,505,"ABS-CBN, ABS-CBN Online, ABS-CBN Philippines, ABS-CBNEntertainment, vertical:drama, genre:Drama, genre:family, series:FPJsBatangQuiapo, Tagalog Series, person:PingMedina, person:RonaldoValdez, person:CocoMartin, person:LoviPoe, person:CharoSantos, person:ChristopherDeLeon, FPJs Batang Quiapo 2024, person:EjayFalcon, person:PhilipSalvador, person:CherryPiePicache, person:TommyAbuel, Batang Quiapo Jan 10, #FPJBatangQuiapo_VOD, January 9 2024, 20240110online, Ep 236, #FPJBQLumalambot, YT0psSanti",2024-01-10 00:00:00+00:00,"['fpj', 'batang', 'quiapo', 'episode', '236', '22', 'january', '10', '2024', 'eng', 'subs']",Entertainment,11
"FPJ's Batang Quiapo | Episode 238 (2/3) | January 12, 2024 (with Eng Subs)",25,25,25,2024663,16766,216,"ABS-CBN, ABS-CBN Online, ABS-CBN Philippines, ABS-CBNEntertainment, vertical:drama, genre:Drama, genre:family, series:FPJsBatangQuiapo, Tagalog Series, person:PingMedina, person:RonaldoValdez, person:CocoMartin, person:LoviPoe, person:CharoSantos, person:ChristopherDeLeon, FPJs Batang Quiapo 2023, person:EjayFalcon, person:PhilipSalvador, person:CherryPiePicache, person:TommyAbuel, Batang Quiapo Jan 12, #FPJBatangQuiapo_VOD, January 12 2023, 20231212online, Ep 238, YT0psSanti, #FPJBQDalamhati",2024-01-12 00:00:00+00:00,"['fpj', 'batang', 'quiapo', 'episode', '238', '23', 'january', '12', '2024', 'eng', 'subs']",Entertainment,11
"FPJ's Batang Quiapo | Episode 238 (3/3) | January 12, 2024 (with Eng Subs)",26,24,24,2051569,19162,360,"ABS-CBN, ABS-CBN Online, ABS-CBN Philippines, ABS-CBNEntertainment, vertical:drama, genre:Drama, genre:family, series:FPJsBatangQuiapo, Tagalog Series, person:PingMedina, person:RonaldoValdez, person:CocoMartin, person:LoviPoe, person:CharoSantos, person:ChristopherDeLeon, FPJs Batang Quiapo 2023, person:EjayFalcon, person:PhilipSalvador, person:CherryPiePicache, person:TommyAbuel, Batang Quiapo Jan 12, #FPJBatangQuiapo_VOD, January 12 2023, 20231212online, Ep 238, YT0psSanti, #FPJBQDalamhati",2024-01-12 00:00:00+00:00,"['fpj', 'batang', 'quiapo', 'episode', '238', '33', 'january', '12', '2024', 'eng', 'subs']",Entertainment,11
"FPJ's Batang Quiapo | Episode 393 (3/3) | August 19, 2024",38,12,12,2434084,20747,286,"ABS-CBN, ABS-CBN Online, ABS-CBN Philippines, ABS-CBNEntertainment, genre:Drama, genre:family, series:FPJsBatangQuiapo, Tagalog Series, person:PingMedina, person:RonaldoValdez, person:CocoMartin, person:IvanaAlawi, person:CharoSantos, person:ChristopherDeLeon, FPJs Batang Quiapo 2024, person:EjayFalcon, person:PhilipSalvador, person:CherryPiePicache, person:TommyAbuel, Batang Quiapo August 19 2024, #FPJBatangQuiapo_VOD, 20240819online, August 19 2024, Batang Quiapo 2024, YT0psIsaiah, #FPJBQYayamanNaTayo",2024-08-19 00:00:00+00:00,"['fpj', 'batang', 'quiapo', 'episode', '393', '33', 'august', '19', '2024']",Entertainment,9
"FPJ's Batang Quiapo | Episode 394 (2/3) | August 20, 2024",31,19,19,2677062,20486,328,"ABS-CBN, ABS-CBN Online, ABS-CBN Philippines, ABS-CBNEntertainment, genre:Drama, genre:family, series:FPJsBatangQuiapo, Tagalog Series, person:PingMedina, person:RonaldoValdez, person:CocoMartin, person:IvanaAlawi, person:CharoSantos, person:ChristopherDeLeon, FPJs Batang Quiapo 2024, person:EjayFalcon, person:PhilipSalvador, person:CherryPiePicache, person:TommyAbuel, Batang Quiapo August 20 2024, #FPJBatangQuiapo_VOD, 20240819online, August 20 2024, Batang Quiapo 2024, Yt0psZeth, #FPJBQLucky9",2024-08-20 00:00:00+00:00,"['fpj', 'batang', 'quiapo', 'episode', '394', '23', 'august', '20', '2024']",Entertainment,9
"FPJ's Batang Quiapo | Episode 394 (3/3) | August 20, 2024",25,25,25,2248764,22041,757,"ABS-CBN, ABS-CBN Online, ABS-CBN Philippines, ABS-CBNEntertainment, genre:Drama, genre:family, series:FPJsBatangQuiapo, Tagalog Series, person:PingMedina, person:RonaldoValdez, person:CocoMartin, person:IvanaAlawi, person:CharoSantos, person:ChristopherDeLeon, FPJs Batang Quiapo 2024, person:EjayFalcon, person:PhilipSalvador, person:CherryPiePicache, person:TommyAbuel, Batang Quiapo August 20 2024, #FPJBatangQuiapo_VOD, 20240819online, August 20 2024, Batang Quiapo 2024, Yt0psZeth, #FPJBQLucky9",2024-08-20 00:00:00+00:00,"['fpj', 'batang', 'quiapo', 'episode', '394', '33', 'august', '20', '2024']",Entertainment,9
"FPJ's Batang Quiapo | Episode 394 (3/3) | August 20, 2024 (w/ English Subtitles)",33,-8,17,2938190,24823,816,"ABS-CBN, ABS-CBN Online, ABS-CBN Philippines, ABS-CBNEntertainment, genre:Drama, genre:family, series:FPJsBatangQuiapo, Tagalog Series, person:PingMedina, person:RonaldoValdez, person:CocoMartin, person:IvanaAlawi, person:CharoSantos, person:ChristopherDeLeon, FPJs Batang Quiapo 2024, person:EjayFalcon, person:PhilipSalvador, person:CherryPiePicache, person:TommyAbuel, Batang Quiapo August 20 2024, #FPJBatangQuiapo_VOD, 20240819online, August 20 2024, Batang Quiapo 2024, Yt0psZeth, #FPJBQLucky9",2024-08-20 00:00:00+00:00,"['fpj', 'batang', 'quiapo', 'episode', '394', '33', 'august', '20', '2024', 'english', 'subtitles']",Entertainment,11
"FPJ's Batang Quiapo | Episode 395 (2/2) | August 21, 2024 (w/ English Subtitles)",31,-11,19,3041190,29144,1356,"ABS-CBN, ABS-CBN Online, ABS-CBN Philippines, ABS-CBNEntertainment, genre:Drama, genre:family, series:FPJsBatangQuiapo, Tagalog Series, person:PingMedina, person:RonaldoValdez, person:CocoMartin, person:IvanaAlawi, person:CharoSantos, person:ChristopherDeLeon, FPJs Batang Quiapo 2024, person:EjayFalcon, person:PhilipSalvador, person:CherryPiePicache, person:TommyAbuel, Batang Quiapo August 20 2024, #FPJBatangQuiapo_VOD, 20240821online, August 21 2024, Batang Quiapo 2024, Yt0psZeth, #FPJBQImbitasyon",2024-08-21 00:00:00+00:00,"['fpj', 'batang', 'quiapo', 'episode', '395', '22', 'august', '21', '2024', 'english', 'subtitles']",Entertainment,11
"FPJ's Batang Quiapo | Episode 396 (2/2) | August 22, 2024 (w/ English Subtitles)",25,25,25,2665875,24591,1231,"ABS-CBN, ABS-CBN Online, ABS-CBN Philippines, ABS-CBNEntertainment, genre:Drama, genre:family, series:FPJsBatangQuiapo, Tagalog Series, person:PingMedina, person:RonaldoValdez, person:CocoMartin, person:IvanaAlawi, person:CharoSantos, person:ChristopherDeLeon, FPJs Batang Quiapo 2024, person:EjayFalcon, person:PhilipSalvador, person:CherryPiePicache, person:TommyAbuel, Batang Quiapo August 22 2024, #FPJBatangQuiapo_VOD, 20240822online, August 22 2024, Batang Quiapo 2024, Yt0psZeth, #FPJBQBoss",2024-08-22 00:00:00+00:00,"['fpj', 'batang', 'quiapo', 'episode', '396', '22', 'august', '22', '2024', 'english', 'subtitles']",Entertainment,11
"FPJ's Batang Quiapo | Episode 426 (2/2) | October 3, 2024",29,-6,21,3417116,31007,1362,"ABS-CBN, ABS-CBN Online, ABS-CBN Philippines, ABS-CBNEntertainment, genre:Drama, genre:family, series:FPJsBatangQuiapo, Tagalog Series, person:PingMedina, person:RonaldoValdez, person:CocoMartin, person:IvanaAlawi, person:CharoSantos, person:ChristopherDeLeon, FPJs Batang Quiapo 2024, person:EjayFalcon, person:PhilipSalvador, person:CherryPiePicache, person:TommyAbuel, Batang Quiapo October 3 2024, #FPJBatangQuiapo_VOD, 20241003online, October 3 2024, Batang Quiapo 2024, YT0psZeth, #FPJBQFacundo",2024-10-03 00:00:00+00:00,"['fpj', 'batang', 'quiapo', 'episode', '426', '22', 'october', '2024']",Entertainment,8
"FPJ's Batang Quiapo | Episode 460 (2/2) | November 20, 2024 (w/ English Subtitles)",34,-6,16,2742356,23426,1484,"ABS-CBN, ABS-CBN Online, ABS-CBN Philippines, ABS-CBNEntertainment, genre:Drama, series:FPJsBatangQuiapo, Tagalog Series, person:PingMedina, person:RonaldoValdez, person:CocoMartin, person:IvanaAlawi, person:CharoSantos, person:ChristopherDeLeon, FPJs Batang Quiapo 2024, person:EjayFalcon, person:PhilipSalvador, person:CherryPiePicache, person:TommyAbuel, Batang Quiapo November 18 2024, #FPJBatangQuiapo_VOD, 20241120online, November 20 2024, Batang Quiapo 2024, YT0psZeth, #FPJBQHuliNa, FPJBQ",2024-11-20 00:00:00+00:00,"['fpj', 'batang', 'quiapo', 'episode', '460', '22', 'november', '20', '2024', 'english', 'subtitles']",Entertainment,11
"FPJ's Batang Quiapo | Episode 471 (1/2) | December 5, 2024 (w/ English Subtitles)",40,10,10,3060037,25889,660,"ABS-CBN, ABS-CBN Online, ABS-CBN Philippines, ABS-CBNEntertainment, genre:Drama, series:FPJsBatangQuiapo, Tagalog Series, person:PingMedina, person:RonaldoValdez, person:CocoMartin, person:IvanaAlawi, person:CharoSantos, person:ChristopherDeLeon, FPJs Batang Quiapo 2024, person:EjayFalcon, person:PhilipSalvador, person:CherryPiePicache, person:TommyAbuel, Batang Quiapo December 3 2024, #FPJBatangQuiapo_VOD, 20241205online, Batang Quiapo 2024, YT0psZeth, #FPJBQHindiIiwan, FPJBQ, Batang Quiapo",2024-12-05 00:00:00+00:00,"['fpj', 'batang', 'quiapo', 'episode', '471', '12', 'december', '2024', 'english', 'subtitles']",Entertainment,10
"FPJ's Batang Quiapo | Episode 524 (1/2) | February 18, 2025 (w/ English Subtitles)",40,10,10,3817175,31582,766,"ABS-CBN, ABS-CBN Online, ABS-CBN Philippines, ABS-CBNEntertainment, series:FPJsBatangQuiapo, Tagalog Series, person:PingMedina, person:RonaldoValdez, person:CocoMartin, person:IvanaAlawi, person:CharoSantos, person:ChristopherDeLeon, FPJs Batang Quiapo 2025, person:EjayFalcon, person:PhilipSalvador, person:CherryPiePicache, person:TommyAbuel, Batang Quiapo February 18 2025, #FPJBatangQuiapo_VOD, 20250218online, Batang Quiapo 2025, FPJ Batang Quiapo, #FPKBQKa-Pangalan, #batangquiapo, YT0psRuel, Quiapo, BQ",2025-02-18 00:00:00+00:00,"['fpj', 'batang', 'quiapo', 'episode', '524', '12', 'february', '18', '2025', 'english', 'subtitles']",Entertainment,11
"FPJ's Batang Quiapo | Episode 524 (2/2) | February 18, 2025 (w/ English Subtitles)",2,48,48,5195900,47055,2912,"ABS-CBN, ABS-CBN Online, ABS-CBN Philippines, ABS-CBNEntertainment, series:FPJsBatangQuiapo, Tagalog Series, person:PingMedina, person:RonaldoValdez, person:CocoMartin, person:IvanaAlawi, person:CharoSantos, person:ChristopherDeLeon, FPJs Batang Quiapo 2025, person:EjayFalcon, person:PhilipSalvador, person:CherryPiePicache, person:TommyAbuel, Batang Quiapo February 18 2025, #FPJBatangQuiapo_VOD, 20250218online, Batang Quiapo 2025, FPJ Batang Quiapo, #FPKBQKa-Pangalan, #batangquiapo, YT0psRuel, Quiapo, BQ",2025-02-18 00:00:00+00:00,"['fpj', 'batang', 'quiapo', 'episode', '524', '22', 'february', '18', '2025', 'english', 'subtitles']",Entertainment,11
"FPJ's Batang Quiapo | Episode 526 (2/2) | February 20, 2025 (w/ English Subtitles)",33,17,17,4146456,34712,2996,"ABS-CBN, ABS-CBN Online, ABS-CBN Philippines, ABS-CBNEntertainment, series:FPJsBatangQuiapo, Tagalog Series, person:PingMedina, person:RonaldoValdez, person:CocoMartin, person:IvanaAlawi, person:CharoSantos, person:ChristopherDeLeon, FPJs Batang Quiapo 2025, person:EjayFalcon, person:PhilipSalvador, person:CherryPiePicache, person:TommyAbuel, Batang Quiapo February 20 2025, #FPJBatangQuiapo_VOD, 20250220online, Batang Quiapo 2025, FPJ Batang Quiapo, #FPKBQPekengTanggol, #batangquiapo, YT0psRuel, Quiapo, BQ",2025-02-20 00:00:00+00:00,"['fpj', 'batang', 'quiapo', 'episode', '526', '22', 'february', '20', '2025', 'english', 'subtitles']",Entertainment,11
FULL HEARING: Rodrigo Duterte faces ICC pre-trial chamber | ABS-CBN News,4,45,46,3009826,27972,14753,"ABS-CBN, ABS-CBN News, ABS-CBN Philippines, Philippine News, Philippines, ABS-CBN News Exclusive, #ABS-CBNNews_Exclusive, latest news update, recent news, YT0psLance, March 14 2025, 20250314abscbnnewsexclusive, channel:ABSCBNNews, Top News, Latest News, Viral News, #ABSCBNNewsExclusive, #ABSCBNNewsExclusive_HLS, Rodrigo Duterte, duterte sa icc, duterte icc latest updates, Duterte's ICC hearing, PBA Season 49 Commissioner's Cup, ICC detention facility, ICC pre-trial chamber, icc trial",2025-03-14 00:00:00+00:00,"['hearing', 'rodrigo', 'duterte', 'faces', 'icc', 'pretrial', 'chamber', 'abscbn', 'news']",Shows,9
"Family Feud Philippines: April 8, 2024 | LIVESTREAM",8,42,42,428619,7709,338,"family feud april 8 2024, Family Feud april 8 2024 episode, family feud live, family feud gma, family feud gma live, Family Feud today, family feud funny moments, celebrity family feud, vertical:entertainment, genre:varietyshow, format:live, source:entertainment, type:digital, series:Family Feud, topic:question, survey, 100 people, person:Dingdong Dantes, location:Philippines, language:Filipino",2024-04-08 00:00:00+00:00,"['family', 'feud', 'philippines', 'april', '2024', 'livestream']",Entertainment,6
"Family Feud: ALYSSA VALDEZ AT DEANNA WONG, READY TO SET, SPIKE, AND WIN! (Full Episode 521)",10,37,40,2058422,28344,1226,"family feud, family feud philippines, family feud ph, family feud gma network, family feud gma, family feud dingdong dantes, GMA Network, GMA Network online, person:dingdong dantes, Family Feud GMA online, Family Feud today, Family Feud July 17, Family Feud July 17 2024, Family Feud July 17 2024 episode, vertical:entertainment, genre:game show, format:full episode, source:etc, series:Family Feud Philippines",2024-07-17 00:00:00+00:00,"['family', 'feud', 'alyssa', 'valdez', 'deanna', 'wong', 'ready', 'set', 'spike', 'win', 'episode', '521']",Family,12
"Family Feud: BATTLE OF THE ‘80s DRAMA STARS (January 15, 2024) (Full Episode 376)",34,16,16,159981,1700,119,"family feud, family feud philippines, family feud ph, family feud gma network, family feud gma, family feud dingdong dantes, GMA Network, GMA Network online, Family Feud, Family Feud GMA, Family Feud GMA online, Family Feud today, Family Feud January 15, Family Feud January 15 2024, Family Feud January 15 2024 episode, vertical:entertainment, genre:game show, format:full episode, source:etc, series:Family Feud Philippines, family feud flordeluna",2024-01-16 00:00:00+00:00,"['family', 'feud', 'battle', '80s', 'drama', 'stars', 'january', '15', '2024', 'episode', '376']",Family,11
"Family Feud: DINGDONG DANTES, kinilig kay MARIAN RIVERA! (December 15, 2023) (Full Episode 355)",32,18,18,351256,4397,299,"Family Feud, Family Feud GMA online, Family December 15 2023, Family Feud December 15 Family Feud today, Family Feud live, GMA Network, vertical:entertainment, genre:variety show, format:highlight, source:entertainment, type:broadcast, series:Family Feud Philippines, topic:variety, question, survey question, 100 people, person:Dingdong Dantes, person:Marian Rivera, person:Neil Coleta, person:Pamu Pamorada, person:Majoy Apostol, location:Philippines, language:Filipino",2023-12-15 00:00:00+00:00,"['family', 'feud', 'dingdong', 'dantes', 'kinilig', 'kay', 'marian', 'rivera', 'december', '15', '2023', 'episode', '355']",Family,13
"Family Feud: FAMILY OF TWO vs. LAUGHING LADIES (December 8, 2023) (Full Episode 350)",25,25,25,537506,5778,302,"Family Feud, Family Feud GMA online, Family December 8 2023, Family Feud December 8 Family Feud today, Family Feud live, GMA Network, vertical:entertainment, genre:variety show, format:highlight, source:entertainment, type:broadcast, series:Family Feud Philippines, topic:variety, question, survey question, 100 people, person:Dingdong Dantes, person:Alden Richards, person:Sharon Cuneta, person:Tessie Tomas, person:Mitch Valdez, location:Philippines, language:Filipino",2023-12-08 00:00:00+00:00,"['family', 'feud', 'family', 'vs', 'laughing', 'ladies', 'december', '2023', 'episode', '350']",Family,10
"Family Feud: PBB CELEBRITY COLLAB, HATAW SUMAGOT SA HULAAN! (March 7, 2025) (Full Episode 688)",27,23,23,1163999,15231,1033,"GMA, GMA Network, Family Feud, Family Feud GMA online, Family March 7 2025, Family Feud March 7, Family feud viral clips, Guess to Win it, Family Feud Guess to Win it, Family Feud today, Family Feud live, vertical: entertainment, Topic: game, Topic: reality, Genre: TV Shows, Genre: Comedy, series:Family Feud Philippines, person: Dingdong Dantes, Pbb Celebrity Collab, Ex-boarders ni kuya, pinoy big brother, pbb celebrity edition collab, Gabbi Garcia, format: full episodes",2025-03-07 00:00:00+00:00,"['family', 'feud', 'pbb', 'celebrity', 'collab', 'hataw', 'sumagot', 'hulaan', 'march', '2025', 'episode', '688']",Entertainment,12
"Family Feud: TEAM #BARDA, MAGKASAMANG HINARAP ANG SURVEY BOARD! (January 8, 2024) (Full Episode 372)",16,26,34,445783,6314,661,"family feud, family feud philippines, family feud ph, family feud gma network, family feud gma, family feud dingdong dantes, GMA Network, GMA Network online, Family Feud, Family Feud GMA, Family Feud GMA online, Family Feud today, Family Feud January 8, Family Feud January 8 2024, Family Feud January 8 2024 episode, vertical:entertainment, genre:game show, format:full episode, source:etc, series:Family Feud Philippines, family feud barda, barbie forteza, david licauco",2024-01-08 00:00:00+00:00,"['family', 'feud', 'team', 'barda', 'magkasamang', 'hinarap', 'survey', 'board', 'january', '2024', 'episode', '372']",Family,12
"Family Feud: TEAM DANTES AT TEAM GONZI, NAGLABAN PARA SA DINGDONG DAY! (AUGUST 8, 2024)(Full Ep 537)",16,34,34,875401,12490,632,"family feud, family feud philippines, family feud ph, family feud gma network, family feud gma, family feud dingdong dantes, GMA Network, GMA Network online, person:dingdong dantes, Family Feud GMA online, Family Feud today, Family Feud August 8, Family Feud August 8 2024, Family Feud August 8 2024 episode, vertical:entertainment, genre:game show, format:full episode, source:etc, series:Family Feud Philippines",2024-08-08 00:00:00+00:00,"['family', 'feud', 'team', 'dantes', 'team', 'gonzi', 'naglaban', 'dingdong', 'day', 'august', '2024', 'ep', '537']",Family,13
"Family Feud: TEAM ZEBBY VS TEAM MILOVES (JULY 16, 2024) (Full Episode 520)",15,35,35,1225845,18988,386,"family feud, family feud philippines, family feud ph, family feud gma network, family feud gma, family feud dingdong dantes, GMA Network, GMA Network online, person:dingdong dantes, Family Feud GMA online, Family Feud today, Family Feud July 16, Family Feud July 16 2024, Family Feud July 16 2024 episode, vertical:entertainment, genre:game show, format:full episode, source:etc, series:Family Feud Philippines",2024-07-16 00:00:00+00:00,"['family', 'feud', 'team', 'zebby', 'vs', 'team', 'miloves', 'july', '16', '2024', 'episode', '520']",Family,12
"Family Feud: ‘HELLO, LOVE, AGAIN’ CAST, NAGKASUBUKAN SA HULAAN! (Nov 8, 2024) (Full Episode 603)",10,35,40,2858680,39330,1703,"GMA, GMA Network, Family Feud, Family Feud GMA online, Family November 8 2024, Family Feud November 8, Family feud viral clips, Guess to Win it, Family Feud Guess to Win it, Family Feud today, Family Feud live, vertical: entertainment, Topic: game, Topic: reality, Genre: TV Shows, Genre: Comedy, series:Family Feud Philippines, format: full episode, person: Dingdong Dantes, Team Joy, Team Ethan, Hello Love Again, person: Kathryn Bernardo, person: Alden Richards",2024-11-08 00:00:00+00:00,"['family', 'feud', 'hello', 'love', 'cast', 'nagkasubukan', 'hulaan', 'nov', '2024', 'episode', '603']",Entertainment,11
"Family Feud: ‘IT’S SHOWTIME’ HOSTS, NAKIHULA SA ‘FAMILY FEUD!’ (Full Episode UNCUT & EXTENDED)",1,49,49,8910266,184938,8953,"family feud, family feud philippines, family feud ph, family feud gma network, family feud gma, family feud dingdong dantes, GMA Network, GMA Network online, Family Feud, Family Feud GMA, Family Feud today, Family Feud April 8, Family Feud April 8 2024, Family Feud April 8 2024 episode, vertical:entertainment, genre:game show, format:full episode, source:etc, series:Family Feud Philippines, person:vice ganda, person:anne curtis, person:vhong navarro, family feud showtime",2024-04-08 00:00:00+00:00,"['family', 'feud', 'showtime', 'hosts', 'nakihula', 'family', 'feud', 'episode', 'uncut', 'extended']",Family,10
Farm Life by Alex Gonzaga,7,41,43,2568173,73971,3037,"Alex gonzaga, Alex vlog, New vlog, Ivana alawi, Zeinab, Cong tv, Showtime, Eat, Tvj, Tv5, Gma, Bulaga, News, Travel, New video, Vlog trip, Alex g, Gonzaga, Friends, Best friends, Bff, Funny, New vid, Vlog, Toni gonzaga, Tanay Rizal, Daily vlog, Tiktok, Lifestyle, Trending, Viral, Dance, Friendships, Yayamanin, House raid, Rich life, Celebrity video, Home raid, House tour, Dongyan, Marian, Polly, toni gonzaga, gonzaga sisters, farm, joseph the explorer",2024-11-11 00:00:00+00:00,"['farm', 'life', 'alex', 'gonzaga']",Videoblogging,4
Farmhouse Tour in Ormoc by Alex Gonzaga,6,30,44,3188456,66089,1966,"Lucy Torres, LGU, Congress, Senate, Richard Gomez, Lucy Torres Gomez, Goma, Richard, Lucy, Tatler, Farmhouse, House Tour, Abscbn, Sitcom, Farm, Ormoc, Ormoc City, Visayas, Politician, House, Alex gonzaga, Alex vlog, New vlog, Ivana alawi, Zeinab, Cong tv, Showtime, Eat, Tvj, Tv5, Gma, Bulaga, News, New video, Vlog trip, Alex g, Gonzaga, Bff, Funny, New vid, Vlog, Toni gonzaga, Daily vlog, Tiktok, Lifestyle, Trending, Viral, Dance, Yayamanin, House raid, Rich life, Celebrity video, Home raid, Dongyan, Marian",2024-06-09 00:00:00+00:00,"['farmhouse', 'tour', 'ormoc', 'alex', 'gonzaga']",News & Politics,5
Fiesta Foodtrip Prank kay Mikee by Alex Gonzaga,24,22,26,2326684,48306,1317,"Alex gonzaga, Alex vlog, New vlog, Ivana alawi, Zeinab, Cong tv, Showtime, Eat, Tvj, Tv5, Gma, Bulaga, News, Travel, New video, Vlog trip, Alex g, Gonzaga, Friends, Best friends, Bff, Funny, New vid, Vlog, Toni gonzaga, Tanay Rizal, Daily vlog, Tiktok, Lifestyle, Trending, Viral, Dance, Friendships, Yayamanin, House raid, Rich life, Niceprint, Wedding, Same day edit, Celebrity photography, Celebrity video, Home raid, House tour, Dongyan, Marian",2024-05-19 00:00:00+00:00,"['fiesta', 'foodtrip', 'prank', 'kay', 'mikee', 'alex', 'gonzaga']",Videoblogging,7
First Time Ever sa Congpound by Alex Gonzaga,1,49,49,8002276,218795,4446,"Alex gonzaga, Alex vlog, New vlog, Ivana alawi, Zeinab, Cong tv, Showtime, Eat, Tvj, Tv5, Gma, Bulaga, News, Travel, New video, Vlog trip, Alex g, Gonzaga, Friends, Best friends, Bff, Funny, New vid, Vlog, Toni gonzaga, Tanay Rizal, Daily vlog, Tiktok, Lifestyle, Trending, Viral, Dance, Friendships, Yayamanin, House raid, Rich life, Niceprint, Wedding, Same day edit, Celebrity photography, Celebrity video, Home raid, House tour, Dongyan, Marian",2023-12-26 00:00:00+00:00,"['time', 'congpound', 'alex', 'gonzaga']",Videoblogging,4
First Time to Cook Lechon Paksiw by Alex Gonzaga,19,28,31,1842496,34572,1503,"Alex gonzaga, Alex vlog, New vlog, Ivana alawi, Zeinab, Cong tv, Showtime, Eat, Tvj, Tv5, Gma, Bulaga, News, Travel, New video, Vlog trip, Alex g, Gonzaga, Friends, Best friends, Bff, Funny, New vid, Vlog, Toni gonzaga, Tanay Rizal, Daily vlog, Tiktok, Lifestyle, Trending, Viral, Dance, Friendships, Yayamanin, House raid, Rich life, Same day edit, Celebrity photography, Celebrity video, House tour, Dongyan, Marian, toni gonzaga, gonzaga sisters, lechon, lechon paksiw, paksiw na lechon",2025-01-05 00:00:00+00:00,"['time', 'cook', 'lechon', 'paksiw', 'alex', 'gonzaga']",Videoblogging,6
Fishing & Mukbang sa Taal Lake by Alex Gonzaga,5,45,45,1134983,28584,1077,"Alex gonzaga, Alex vlog, New vlog, Ivana alawi, Zeinab, Cong tv, Showtime, Eat, Tvj, Tv5, Gma, Bulaga, News, Travel, New video, Vlog trip, Alex g, Gonzaga, Friends, Best friends, Bff, Funny, New vid, Vlog, Toni gonzaga, Tanay Rizal, Daily vlog, Tiktok, Lifestyle, Trending, Viral, Dance, Friendships, Yayamanin, House raid, Rich life, Niceprint, Wedding, Same day edit, Celebrity photography, Celebrity video, Home raid, House tour, Dongyan, Marian",2023-11-12 00:00:00+00:00,"['fishing', 'mukbang', 'taal', 'lake', 'alex', 'gonzaga']",Videoblogging,6
FlipTop - EJ Power vs GL @ Isabuhay 2024 Semifinals,3,41,47,2162069,54650,11752,"fliptop, flip top, flip top battles, fliptopbattles, fliptop battle, new, latest, content, battle, rap, underground, hiphop, filipino, pinoy, tagalog, philippines, pinas, vs, verse, music, bars, best, jokes, highlights, funny, lines, comedy, live, highlight, isabuhay, anygma, loonie, old, school, dos, por dos, freestyle, finals, speed, sound, check, scenes, isyu, style, clash, rhyme, 2024, power, 13, gl, won, minutes, katana, tipsy d, ej, cripli, sur, 12, GL, crispy, fetus, silip, bwelta, balentong, 11, sinio, shernan, semis, semifinals",2024-11-03 00:00:00+00:00,"['fliptop', 'ej', 'power', 'vs', 'gl', 'isabuhay', '2024', 'semifinals']",Music,8
FlipTop - EJ Power vs Romano,9,41,41,1405955,35815,10056,"fliptop, flip top, flip top battles, fliptopbattles, fliptop battle, new, latest, content, battle, rap, underground, hiphop, filipino, pinoy, tagalog, philippines, pinas, vs, verse, music, bars, best, jokes, highlights, funny, lines, comedy, live, highlight, isabuhay, anygma, loonie, old, school, dos, por dos, freestyle, finals, speed, sound, check, scenes, isyu, style, clash, rhyme, 2024, power, 13, gl, rapollo, won, minutes, sayadd, m zhayt, katana, lhipkram, tipsy, tipsy d, batang, rebelde, ej, romano, cripli, sur, henyo, unibersikulo, 12, GL",2024-09-04 00:00:00+00:00,"['fliptop', 'ej', 'power', 'vs', 'romano']",Music,5
FlipTop - EJ Power vs Romano @ Isabuhay 2024,18,-5,32,1740396,39448,10697,"fliptop, flip top, flip top battles, fliptopbattles, fliptop battle, new, latest, content, battle, rap, underground, hiphop, filipino, pinoy, tagalog, philippines, pinas, vs, verse, music, bars, best, jokes, highlights, funny, lines, comedy, live, highlight, isabuhay, anygma, loonie, old, school, dos, por dos, freestyle, finals, speed, sound, check, scenes, isyu, style, clash, rhyme, 2024, power, 13, gl, rapollo, won, minutes, sayadd, m zhayt, katana, lhipkram, tipsy, tipsy d, batang, rebelde, ej, romano, cripli, sur, henyo, unibersikulo, 12, GL",2024-09-04 00:00:00+00:00,"['fliptop', 'ej', 'power', 'vs', 'romano', 'isabuhay', '2024']",Music,7
FlipTop - Emar Industriya vs Class G,34,16,16,323029,6919,1282,"fliptop, flip top, flip top battles, fliptopbattles, fliptop battle, lhipkram, GL, fliptop new, new, latest, content, battle, rap, underground, hiphop, filipino, pinoy, tagalog, philippines, pinas, vs, verse, music, bars, best, jokes, highlights, funny, lines, comedy, performance, live, highlight, isabuhay, anygma, loonie, old, school, dos, por dos, freestyle, finals, speed, sound, check, scenes, 2022, isyu, style, clash, rhyme, sinio, ahon 13, ahon, zaito, 2023, charron, kotd, smugglaz, ahon 14, bwelta, balentong, class g, emar, industriya",2023-12-14 00:00:00+00:00,"['fliptop', 'emar', 'industriya', 'vs', 'class']",Music,5
FlipTop - GL vs Lhipkram,3,46,47,1212320,27890,6042,"fliptop, flip top, flip top battles, fliptopbattles, fliptop battle, lhipkram, GL, fliptop new, new, latest, content, battle, rap, underground, hiphop, filipino, pinoy, tagalog, philippines, pinas, vs, verse, music, bars, best, jokes, highlights, funny, lines, comedy, performance, live, highlight, isabuhay, anygma, loonie, old, school, dos, por dos, freestyle, finals, speed, sound, check, scenes, 2022, isyu, style, clash, rhyme, sinio, ahon 13, ahon, zaito, 2023, gubat, 12, jonas, shernan, charron, kotd, smugglaz, ahon 14, bwelta, balentong",2023-12-10 00:00:00+00:00,"['fliptop', 'gl', 'vs', 'lhipkram']",Music,4
FlipTop - GL vs Vitrum @ Isabuhay 2024 Finals,3,47,47,2136197,55431,14487,"fliptop, flip top, flip top battles, fliptopbattles, fliptop battle, new, latest, content, battle, rap, underground, hiphop, filipino, pinoy, tagalog, philippines, pinas, vs, verse, music, bars, best, jokes, highlights, funny, lines, comedy, live, highlight, isabuhay, anygma, loonie, old, school, dos, por dos, freestyle, finals, scenes, style, clash, rhyme, 2024, power, gl, ej, cripli, GL, balentong, sinio, sight, dos por dos, atoms, cygnus, clipted, sickreto, gy, pamoso, caspher, hespero, negho gy, gubat, vitrum, ahon, ahon 15",2024-12-25 00:00:00+00:00,"['fliptop', 'gl', 'vs', 'vitrum', 'isabuhay', '2024', 'finals']",Music,7
FlipTop - Invictus vs Hazky @ Isabuhay 2023 Finals,4,41,46,1188271,25770,3696,"fliptop, flip top, flip top battles, fliptopbattles, fliptop battle, GL, fliptop new, new, latest, content, battle, rap, underground, hiphop, filipino, pinoy, tagalog, philippines, pinas, vs, verse, music, bars, best, jokes, highlights, funny, lines, comedy, performance, live, highlight, isabuhay, anygma, loonie, old, school, dos, por dos, freestyle, finals, speed, sound, check, scenes, 2022, isyu, style, clash, rhyme, sinio, ahon 13, ahon, 2023, charron, kotd, smugglaz, ahon 14, class g, emar, vitrum, ruffian, hazky, invictus, champion",2023-12-25 00:00:00+00:00,"['fliptop', 'invictus', 'vs', 'hazky', 'isabuhay', '2023', 'finals']",Music,7
FlipTop - Lhipkram vs SirDeo,35,12,15,731350,13959,1675,"fliptop, flip top, flip top battles, fliptopbattles, fliptop battle, new, latest, content, battle, rap, underground, hiphop, filipino, pinoy, tagalog, philippines, pinas, vs, verse, music, bars, best, jokes, highlights, funny, lines, comedy, live, highlight, isabuhay, anygma, loonie, old, school, dos, por dos, freestyle, finals, speed, sound, check, scenes, isyu, style, clash, rhyme, 2024, power, 13, gl, rapollo, mindfields, won, minutes, eveready, carlito, sayadd, m zhayt, secret, zoning 17, zoning, slock, katana, yuniko, tacoma, lhipkram, sir, deo",2024-08-25 00:00:00+00:00,"['fliptop', 'lhipkram', 'vs', 'sirdeo']",Music,4
FlipTop - M Zhayt vs Emar Industriya,10,40,40,873245,23800,6363,"fliptop, flip top, flip top battles, fliptopbattles, fliptop battle, new, latest, content, battle, rap, underground, hiphop, filipino, pinoy, tagalog, philippines, pinas, vs, verse, music, bars, best, jokes, highlights, funny, lines, comedy, performance, live, highlight, isabuhay, anygma, loonie, old, school, dos, por dos, freestyle, finals, speed, sound, check, scenes, isyu, style, clash, rhyme, ahon, mhot, pikon, galit, katana, crispy, fetus, ice, hespero, negho, gy, frinze, freek, fernie, m zhayt, emar, industriya, vitrum, ruffian, slock, zhayt",2024-05-09 00:00:00+00:00,"['fliptop', 'zhayt', 'vs', 'emar', 'industriya']",Music,5
FlipTop - Mhot vs Sayadd,1,49,49,1575519,38991,4748,"fliptop, flip top, flip top battles, fliptopbattles, fliptop battle, new, latest, content, battle, rap, underground, hiphop, filipino, pinoy, tagalog, philippines, pinas, vs, verse, music, bars, best, jokes, highlights, funny, lines, comedy, performance, live, highlight, isabuhay, anygma, loonie, old, school, dos, por dos, freestyle, finals, speed, sound, check, scenes, isyu, style, clash, rhyme, sinio, ahon, 2023, charron, smugglaz, ahon 14, bwelta, balentong, manda, baliw, batang, rebelde, j-king, j king, jking, sirdeo, sir, deo, mhot, sayadd",2024-01-17 00:00:00+00:00,"['fliptop', 'mhot', 'vs', 'sayadd']",Music,4
FlipTop - Nikki vs K-Ram,5,45,45,1684870,28795,2338,"fliptop, flip top, flip top battles, fliptopbattles, fliptop battle, fliptop new, new, latest, content, battle, rap, underground, hiphop, filipino, pinoy, tagalog, philippines, pinas, vs, verse, music, bars, best, jokes, highlights, funny, lines, comedy, performance, live, highlight, isabuhay, anygma, loonie, old, school, dos, por dos, freestyle, finals, speed, sound, check, scenes, 2022, isyu, style, clash, rhyme, sinio, ahon 13, ahon, zaito, 2023, sixth, threat, poison 13, kram, invictus, pistolero, zend, luke, gubat, 12, nikki, k-ram, k ram",2023-10-21 12:41:34+00:00,"['fliptop', 'nikki', 'vs', 'kram']",Music,4
FlipTop - Poison13 vs EJ Power @ Isabuhay 2024,43,7,7,930425,26869,4097,"fliptop, flip top, flip top battles, fliptopbattles, fliptop battle, new, latest, content, battle, rap, underground, hiphop, filipino, pinoy, tagalog, philippines, pinas, vs, verse, music, bars, best, jokes, highlights, funny, lines, comedy, performance, live, highlight, isabuhay, anygma, loonie, old, school, dos, por dos, freestyle, finals, speed, sound, check, scenes, isyu, style, clash, rhyme, ahon, pikon, galit, emar, industriya, vitrum, zhayt, 2024, sur, henyo, romano, rapido, g clown, class g, jonas, plazma, ej, power, poison, 13",2024-05-29 00:00:00+00:00,"['fliptop', 'poison13', 'vs', 'ej', 'power', 'isabuhay', '2024']",Music,7
FlipTop - Romano vs 3rdy @ Isabuhay 2024,8,41,42,1021595,23220,4518,"fliptop, flip top, flip top battles, fliptopbattles, fliptop battle, new, latest, content, battle, rap, underground, hiphop, filipino, pinoy, tagalog, philippines, pinas, vs, verse, music, bars, best, jokes, highlights, funny, lines, comedy, performance, live, highlight, isabuhay, anygma, loonie, old, school, dos, por dos, freestyle, finals, speed, sound, check, scenes, isyu, style, clash, rhyme, ahon, mhot, pikon, galit, katana, fetus, ice, negho, gy, m zhayt, emar, industriya, vitrum, ruffian, slock, zhayt, 2024, jr, zero, sur, henyo, romano, 3rdy",2024-05-14 00:00:00+00:00,"['fliptop', 'romano', 'vs', '3rdy', 'isabuhay', '2024']",Music,6
FlipTop - Shehyee vs EJ Power,5,45,45,2685189,61390,12035,"fliptop, flip top, flip top battles, fliptopbattles, fliptop battle, new, latest, content, battle, rap, underground, hiphop, filipino, pinoy, tagalog, philippines, pinas, vs, verse, music, bars, best, jokes, highlights, funny, lines, comedy, live, highlight, isabuhay, anygma, loonie, old, school, dos, por dos, freestyle, finals, scenes, style, clash, rhyme, 2024, power, gl, ej, cripli, GL, balentong, sinio, sight, dos por dos, atoms, cygnus, clipted, sickreto, gy, pamoso, caspher, hespero, negho gy, gubat, vitrum, ahon, ahon 15, shehyee",2025-01-05 00:00:00+00:00,"['fliptop', 'shehyee', 'vs', 'ej', 'power']",Music,5
FlipTop - Shernan vs Luxuria,23,25,27,922524,17064,4103,"fliptop, flip top, flip top battles, fliptopbattles, fliptop battle, fliptop new, new, latest, content, battle, rap, underground, hiphop, filipino, pinoy, tagalog, philippines, pinas, vs, verse, music, bars, best, jokes, highlights, funny, lines, comedy, performance, live, highlight, isabuhay, anygma, loonie, old, school, dos, por dos, freestyle, finals, speed, sound, check, scenes, 2022, isyu, style, clash, rhyme, sinio, ahon 13, ahon, zaito, 2023, kram, zend, luke, gubat, 12, nikki, k-ram, k ram, jonas, murdz, empithri, bohol, shernan, luxuria",2023-11-07 00:00:00+00:00,"['fliptop', 'shernan', 'vs', 'luxuria']",Music,4
FlipTop - Shernan vs Pistolero,19,30,31,1758578,31475,3828,"fliptop, flip top, flip top battles, fliptopbattles, fliptop battle, new, latest, content, battle, rap, underground, hiphop, filipino, pinoy, tagalog, philippines, pinas, vs, verse, music, bars, best, jokes, highlights, funny, lines, comedy, live, highlight, isabuhay, anygma, loonie, old, school, dos, freestyle, finals, scenes, style, clash, rhyme, 2024, power, gl, ej, cripli, GL, sinio, sight, atoms, vitrum, ahon, ahon 15, shehyee, tipsy d, frooz, m zhayt, towpher, slockone, jonas, zend, luke, por dos, lhipkram, sayadd, shernan, pistolero, romano",2025-03-01 00:00:00+00:00,"['fliptop', 'shernan', 'vs', 'pistolero']",Music,4
FlipTop - Shernan vs Sak Maestro,15,33,35,2156597,42094,5662,"fliptop, flip top, flip top battles, fliptopbattles, fliptop battle, new, latest, content, battle, rap, underground, hiphop, filipino, pinoy, tagalog, philippines, pinas, vs, verse, music, bars, best, jokes, highlights, funny, lines, comedy, performance, live, highlight, isabuhay, anygma, loonie, old, school, dos, por dos, freestyle, finals, speed, sound, check, scenes, isyu, style, clash, rhyme, ahon, 2023, charron, smugglaz, ahon 14, mhot, sayadd, pikon, galit, blaque, gl, poison, baliw, 3rdy, sur, masta, feat, slock, one, shernan, sak, maestro",2024-03-09 00:00:00+00:00,"['fliptop', 'shernan', 'vs', 'sak', 'maestro']",Music,5
FlipTop - Sinio vs Shernan,1,49,49,6330517,205187,20966,"fliptop, flip top, flip top battles, fliptopbattles, fliptop battle, new, latest, content, battle, rap, underground, hiphop, filipino, pinoy, tagalog, philippines, pinas, vs, verse, music, bars, best, jokes, highlights, funny, lines, comedy, live, highlight, isabuhay, anygma, loonie, old, school, dos, por dos, freestyle, finals, speed, sound, check, scenes, isyu, style, clash, rhyme, 2024, power, 13, gl, won, minutes, katana, tipsy d, ej, cripli, sur, 12, GL, freak, sanchez, ghostly, crispy, fetus, silip, bwelta, balentong, 11, sinio, shernan",2024-10-30 00:00:00+00:00,"['fliptop', 'sinio', 'vs', 'shernan']",Music,4
FlipTop - SlockOne vs Vitrum @ Isabuhay 2024 Semifinals,16,26,34,826181,17145,4218,"fliptop, flip top, flip top battles, fliptopbattles, fliptop battle, new, latest, content, battle, rap, underground, hiphop, filipino, pinoy, tagalog, philippines, pinas, vs, verse, music, bars, best, jokes, highlights, funny, lines, comedy, live, highlight, isabuhay, anygma, loonie, old, school, dos, por dos, freestyle, finals, speed, sound, check, scenes, isyu, style, clash, rhyme, 2024, power, 13, gl, won, minutes, katana, tipsy d, ej, cripli, 12, GL, crispy, fetus, silip, bwelta, balentong, 11, sinio, shernan, semis, semifinals, slock, one, vitrum",2024-11-06 00:00:00+00:00,"['fliptop', 'slockone', 'vs', 'vitrum', 'isabuhay', '2024', 'semifinals']",Music,7
FlipTop - Smugglaz vs Charron (Subtitle Battle),1,46,49,2121565,55134,5463,"fliptop, flip top, flip top battles, fliptopbattles, fliptop battle, GL, fliptop new, new, latest, content, battle, rap, underground, hiphop, filipino, pinoy, tagalog, philippines, pinas, vs, verse, music, bars, best, jokes, highlights, funny, lines, comedy, performance, live, highlight, isabuhay, anygma, loonie, old, school, dos, por dos, freestyle, finals, speed, sound, check, scenes, 2022, isyu, style, clash, rhyme, sinio, ahon 13, ahon, 2023, charron, kotd, smugglaz, ahon 14, class g, emar, vitrum, ruffian, hazky, invictus, champion",2024-01-01 00:00:00+00:00,"['fliptop', 'smugglaz', 'vs', 'charron', 'subtitle', 'battle']",Music,6
FlipTop - Sur Henyo vs GL @ Isabuhay 2024,8,41,42,1492384,40029,9375,"fliptop, flip top, flip top battles, fliptopbattles, fliptop battle, new, latest, content, battle, rap, underground, hiphop, filipino, pinoy, tagalog, philippines, pinas, vs, verse, music, bars, best, jokes, highlights, funny, lines, comedy, live, highlight, isabuhay, anygma, loonie, old, school, dos, por dos, freestyle, finals, speed, sound, check, scenes, isyu, style, clash, rhyme, 2024, power, 13, gl, rapollo, won, minutes, sayadd, m zhayt, katana, lhipkram, tipsy, tipsy d, batang, rebelde, ej, romano, cripli, sur, henyo, unibersikulo, 12, GL",2024-09-02 00:00:00+00:00,"['fliptop', 'sur', 'henyo', 'vs', 'gl', 'isabuhay', '2024']",Music,7
FlipTop - Tipsy D vs Batang Rebelde,6,41,44,1895975,52310,7886,"fliptop, flip top, flip top battles, fliptopbattles, fliptop battle, new, latest, content, battle, rap, underground, hiphop, filipino, pinoy, tagalog, philippines, pinas, vs, verse, music, bars, best, jokes, highlights, funny, lines, comedy, live, highlight, isabuhay, anygma, loonie, old, school, dos, por dos, freestyle, finals, speed, sound, check, scenes, isyu, style, clash, rhyme, 2024, power, 13, gl, rapollo, won, minutes, sayadd, m zhayt, katana, lhipkram, tipsy, tipsy d, batang, rebelde, ej, romano, cripli, sur, henyo, unibersikulo, 12",2024-08-29 00:00:00+00:00,"['fliptop', 'tipsy', 'vs', 'batang', 'rebelde']",Music,5
FlipTop - Vitrum vs Ruffian,31,19,19,288136,6946,1367,"fliptop, flip top, flip top battles, fliptopbattles, fliptop battle, GL, fliptop new, new, latest, content, battle, rap, underground, hiphop, filipino, pinoy, tagalog, philippines, pinas, vs, verse, music, bars, best, jokes, highlights, funny, lines, comedy, performance, live, highlight, isabuhay, anygma, loonie, old, school, dos, por dos, freestyle, finals, speed, sound, check, scenes, 2022, isyu, style, clash, rhyme, sinio, ahon 13, ahon, 2023, charron, kotd, smugglaz, ahon 14, bwelta, balentong, class g, emar, industriya, vitrum, ruffian",2023-12-20 00:00:00+00:00,"['fliptop', 'vitrum', 'vs', 'ruffian']",Music,4
Fortunato Salas: Kilabot ng Pampanga | Laarni Enriquez | Full Tagalog Action Movie,30,20,20,637666,3985,84,"fotunato salas kilabot ng pampanga full movie, jungo pinoy movies, tagalog movies, tagalog full movie, full movie, free movie, free full movie tagalog dubbed, full length filipino movies, laarni enriquez movie, tagalog dubbed full movie, tagalog dubbed full movie action, tagalog dubbed, tagalized action movies, tagalog dubbed action movies, tagalized full movies, tagalized movie, best tagalog action movies, tagalog dubbed action movie, tagalog dubbed action movies 2022",2024-05-10 00:00:00+00:00,"['fortunato', 'salas', 'kilabot', 'pampanga', 'laarni', 'enriquez', 'tagalog', 'action', 'movie']",Foreign,9
"GANDAhamnida, South Korea! 🫰 | Vice Ganda",28,21,22,543960,12687,220,"vice ganda, vice, ganda, meme vice, meme, vicegandako, praybeytbenjamin, teamviceph, vice ganda house tour, vice ganda funny moments, vice ganda movie, gabing gabi na vice",2023-12-17 00:00:00+00:00,"['gandahamnida', 'south', 'korea', 'vice', 'ganda']",Comedy,5
GITNA,5,42,45,2409726,81066,5776,"geo ong, vlog, vlogger, ybs, travel, adventure, palawan, gio, ong, gioong, hiphop, covid19, covid, corona, pinoy, philippines, youngbloods, dougie, congtv, teampayaman, jolai, viy, yow, bosskeng, exb, exbattalion, skustclee, yongee, flowg, angelicayap, offroad, livelife, ranzkyle, niana, ranz&niana, camping, offgrid, wildasovich, harabas",2024-11-12 00:00:00+00:00,['gitna'],Foreign,1
GOLI GNIBAT,8,42,42,1752294,74363,5186,"geo ong, vlog, vlogger, ybs, travel, adventure, palawan, gio, ong, gioong, hiphop, covid19, covid, corona, pinoy, philippines, youngbloods, dougie, congtv, teampayaman, jolai, viy, yow, bosskeng, exb, exbattalion, skustclee, yongee, flowg, angelicayap, offroad, livelife, ranzkyle, niana, ranz&niana, camping, offgrid, wildasovich, harabas",2025-03-07 00:00:00+00:00,"['goli', 'gnibat']",Foreign,2
GORIO PUNASAN: REBEL DRIVER | CHIQUITO | FULL TAGALOG COMEDY MOVIE,12,35,38,826895,3853,93,"gorio punasan rebel driver movie, jungo pinoy movies, tagalog movies, tagalog full movie, full movie, free movie, free full movie tagalog dubbed, full length filipino movies, full movie filipino film, tagalog dubbed full movie, tagalog dubbed full movie comedy, tagalog dubbed, tagalized comedy movies, tagalog dubbed comedy movies, tagalized full movies, best tagalog comedy movies, tagalog dubbed comedy film, tagalog dubbed comedy movies 2022, free tagalog movies",2023-12-12 00:00:00+00:00,"['gorio', 'punasan', 'rebel', 'driver', 'chiquito', 'tagalog', 'comedy', 'movie']",Foreign,8
GREYS FAMILY S1 EP1,29,21,21,511062,12990,1919,"raffy tulfo, raffy tulfo action, von ordona, billionaire gang, cong tv, viy cortez, team payaman, alex gonzaga, small laude, ivana alawi, zeinab harake, geo ong, toni fowler, toni reality show",2024-02-03 00:00:00+00:00,"['greys', 'family', 's1', 'ep1']",Action/Adventure,4
GREYS FAMILY S1 EP2 'AMBISYOSA',10,40,40,534043,13592,4083,"raffy tulfo, raffy tulfo action, von ordona, billionaire gang, cong tv, viy cortez, team payaman, alex gonzaga, small laude, ivana alawi, zeinab harake, geo ong, toni fowler, toni reality show",2024-02-10 00:00:00+00:00,"['greys', 'family', 's1', 'ep2', 'ambisyosa']",Action/Adventure,5
GREYS FAMILY S1 EP3 'BUHAY DALAGA',22,28,28,466342,10168,3035,"raffy tulfo, raffy tulfo action, von ordona, billionaire gang, cong tv, viy cortez, team payaman, alex gonzaga, small laude, ivana alawi, zeinab harake, geo ong, toni fowler, toni reality show",2024-02-17 00:00:00+00:00,"['greys', 'family', 's1', 'ep3', 'buhay', 'dalaga']",Action/Adventure,6
GREYS FAMILY S2 EP1 'PAALAM',35,15,15,494760,11190,2168,"raffy tulfo, raffy tulfo action, von ordona, billionaire gang, cong tv, viy cortez, team payaman, alex gonzaga, small laude, ivana alawi, zeinab harake, geo ong, toni fowler, toni reality show, greys family, greys family reality show",2024-05-04 00:00:00+00:00,"['greys', 'family', 's2', 'ep1', 'paalam']",Action/Adventure,5
GREYS FAMILY S2 EP2 'BALIKAN SI EX',27,23,23,544111,10746,2503,"raffy tulfo, raffy tulfo action, von ordona, billionaire gang, cong tv, viy cortez, team payaman, alex gonzaga, small laude, ivana alawi, zeinab harake, geo ong, toni fowler, toni reality show, greys family, greys family reality show",2024-05-11 00:00:00+00:00,"['greys', 'family', 's2', 'ep2', 'balikan', 'si', 'ex']",Action/Adventure,7
GREYS FAMILY S2 EP3 'INGGITERA',15,35,35,665730,11857,7586,"raffy tulfo, raffy tulfo action, von ordona, billionaire gang, cong tv, viy cortez, team payaman, alex gonzaga, small laude, ivana alawi, zeinab harake, geo ong, toni fowler, toni reality show, greys family, greys family reality show",2024-05-18 00:00:00+00:00,"['greys', 'family', 's2', 'ep3', 'inggitera']",Action/Adventure,5
GREYS FAMILY S2 EP4 'HIMAS REHAS',9,33,41,982569,14034,7495,"raffy tulfo, raffy tulfo action, von ordona, billionaire gang, cong tv, viy cortez, team payaman, alex gonzaga, small laude, ivana alawi, zeinab harake, geo ong, toni fowler, toni reality show, greys family, greys family reality show",2024-05-25 00:00:00+00:00,"['greys', 'family', 's2', 'ep4', 'himas', 'rehas']",Action/Adventure,6
HANGGANG SA MULI,6,41,44,2367922,80036,4929,"geo ong, vlog, vlogger, ybs, travel, adventure, palawan, gio, ong, gioong, hiphop, covid19, covid, corona, pinoy, philippines, youngbloods, dougie, congtv, teampayaman, jolai, viy, yow, bosskeng, exb, exbattalion, skustclee, yongee, flowg, angelicayap, offroad, livelife, ranzkyle, niana, ranz&niana, camping, offgrid, wildasovich, harabas",2025-01-28 00:00:00+00:00,[],Foreign,0
Happy Nyuyuyuyuyuyuyu Year! | VICE GANDA,11,39,39,1165507,26253,662,,2024-01-06 00:00:00+00:00,"['happy', 'nyuyuyuyuyuyuyu', 'year', 'vice', 'ganda']",Foreign,5
Honest and Serious Conversation with Mikee by Alex Gonzaga,11,22,39,1408967,33874,2294,"Alex gonzaga, Alex vlog, New vlog, Ivana alawi, Zeinab, Cong tv, Showtime, Eat, Tvj, Tv5, Gma, Bulaga, News, Travel, New video, Vlog trip, Alex g, Gonzaga, Friends, Best friends, Bff, Funny, New vid, Vlog, Toni gonzaga, Tanay Rizal, Daily vlog, Tiktok, Lifestyle, Trending, Viral, Dance, Friendships, Yayamanin, House raid, Rich life, Niceprint, Wedding, Same day edit, Celebrity photography, Celebrity video, Home raid, House tour, Dongyan, Marian",2024-04-28 00:00:00+00:00,"['honest', 'conversation', 'mikee', 'alex', 'gonzaga']",Videoblogging,5
House Construction Update by Alex Gonzaga,15,35,35,2309356,47390,1689,"Alex gonzaga, Alex vlog, New vlog, Ivana alawi, Zeinab, Cong tv, Showtime, Eat, Tvj, Tv5, Gma, Bulaga, News, Travel, New video, Vlog trip, Alex g, Gonzaga, Friends, Best friends, Bff, Funny, New vid, Vlog, Toni gonzaga, Tanay Rizal, Daily vlog, Tiktok, Lifestyle, Trending, Viral, Dance, Friendships, Yayamanin, House raid, Rich life, Niceprint, Wedding, Same day edit, Celebrity photography, Celebrity video, Home raid, House tour, Dongyan, Marian",2024-04-14 00:00:00+00:00,"['house', 'construction', 'update', 'alex', 'gonzaga']",Videoblogging,5
I Opened the First Ever MCDOLLIBEE TRUCK!,31,19,19,359219,9183,499,"Mcdollibee part 2, adam alejo, mcdojollibee",2023-10-24 11:05:47+00:00,"['opened', 'mcdollibee', 'truck']",Anime/Animation,3
I Wanna Have Fun in Zambales #BirthdaySlaycation | VICE GANDA,32,17,18,581603,13334,398,"vice ganda, vice, ganda, meme vice, meme, vicegandako, praybeytbenjamin, teamviceph, vice ganda house tour, vice ganda funny moments, vice ganda movie, gabing gabi na vice",2024-04-05 00:00:00+00:00,"['wan', 'fun', 'zambales', 'birthdayslaycation', 'vice', 'ganda']",Comedy,6
IMAK GNALAN,6,44,44,2266390,77261,5993,"geo ong, vlog, vlogger, ybs, travel, adventure, palawan, gio, ong, gioong, hiphop, covid19, covid, corona, pinoy, philippines, youngbloods, dougie, congtv, teampayaman, jolai, viy, yow, bosskeng, exb, exbattalion, skustclee, yongee, flowg, angelicayap, offroad, livelife, ranzkyle, niana, ranz&niana, camping, offgrid, wildasovich, harabas",2025-02-06 00:00:00+00:00,"['imak', 'gnalan']",Foreign,2
ISANG BUWAN (Ep 8),39,11,11,1681109,70292,4428,"geo ong, vlog, vlogger, ybs, travel, adventure, palawan, gio, ong, gioong, hiphop, covid19, covid, corona, pinoy, philippines, youngbloods, dougie, congtv, teampayaman, jolai, viy, yow, bosskeng, exb, exbattalion, skustclee, yongee, flowg, angelicayap, offroad, livelife, ranzkyle, niana, ranz&niana, camping, offgrid, wildasovich, harabas",2023-12-03 00:00:00+00:00,"['buwan', 'ep']",Foreign,2
ISLA GRANDE | JESS LAPID JR. | FULL TAGALOG ACTION MOVIE,22,28,28,281019,1494,10,"isla grande movie, jungo pinoy movies, tagalog movies, tagalog full movie, full movie, free movie, free full movie tagalog dubbed, full length filipino movies, full movie filipino film, tagalog dubbed full movie, tagalog dubbed full movie action, tagalog dubbed, tagalized action movies, tagalog dubbed action movies, tagalized full movies, best tagalog action movies, tagalog dubbed action film, tagalog dubbed action movies 2022, free tagalog movies",2023-12-04 00:00:00+00:00,"['isla', 'grande', 'jess', 'lapid', 'jr', 'tagalog', 'action', 'movie']",Movies,8
"Isla sa bayan ng Tubigon sa Bohol, unti-unti na raw lumulubog | Kapuso Mo, Jessica Soho",48,2,2,2254311,14597,2288,"GMA, GMA 7, GMA Public Affairs, Public Affairs, Magazine, Kapuso Mo Jessica Soho, KMJS, Jessica Soho, KMJS 2024, vertical:news, genre:entertainment, format:interview, source:video, type:digital, series:Kapuso Mo, topic:explainer, kmjs, kapuso mo jessica soho, trending news, kmjs today, kmjs latest, kapuso mo jessica soho latest episode, person:Jessica Soho, language:Filipino, KMJS may 12 2024, KMJS may 12 2024 episode, KMJS climate change, climate change philippines, climate change ph",2024-05-13 00:00:00+00:00,"['isla', 'bayan', 'tubigon', 'bohol', 'untiunti', 'raw', 'lumulubog', 'kapuso', 'mo', 'jessica', 'soho']",Entertainment,11
"Jaclyn Jose, pumanaw na | Frontline Sa Umaga",15,35,35,461890,3304,478,"n5e, news5, news5digital, tv5, philippines, ph, news, breaking, news5everywhere, frontline, pilipinas, umaga, tonight, alerts, newsbreak, breakingnews, balita, marcos, bbm, duterte, tulfo, raffy, coc, fyp, fyi, newsph, breakingnewsph, socialnewsph, entertainmentnewsph, entertainment, tiktoknews, tiktok, trending, sarah, pba, uaap, vlog, sports",2024-03-04 00:00:00+00:00,"['jaclyn', 'jose', 'pumanaw', 'frontline', 'umaga']",Entertainment,5
"Jaclyn Jose, pumanaw sa edad na 60 dahil sa heart attack",45,5,5,430333,3874,536,"n5e, news5, news5digital, tv5, philippines, ph, news, breaking, news5everywhere, frontline, pilipinas, umaga, tonight, alerts, newsbreak, breakingnews, balita, marcos, bbm, duterte, tulfo, raffy, coc, fyp, fyi, newsph, breakingnewsph, socialnewsph, entertainmentnewsph, entertainment, tiktoknews, tiktok, trending, sarah, pba, uaap, vlog, sports",2024-03-04 00:00:00+00:00,"['jaclyn', 'jose', 'pumanaw', 'edad', '60', 'heart', 'attack']",Entertainment,7
Jail For A Day by Alex Gonzaga,7,43,43,1736227,51878,1967,"Alex gonzaga, Alex g, New vlog, Alex vlog, Toni gonzaga, Soriano, Funny, Yaya, For a day, Toni fowler, Alex, Mikee, Winnie wong, Paul soriano, Abscbn, Gma, Ivana alawi, Vice ganda, Showtime, Tvj, Wowowin, Mommy pinty, New, Tiktok, Trending, Viral, Comedy, Travel, Jojo, Uncle, Tonitalks, Tv5, Pinty, Bopin, Bonoy, Cong tv, viy, Payaman, Geo, Batang quiapo, Abs, Eat bulaga, LOL, Trend, Morada, Mikee alex, Challenge, New trending, Whamos, Zeinab, Harake, Andrea, Nina, niana, Viva, prank",2023-10-22 05:01:18+00:00,"['jail', 'day', 'alex', 'gonzaga']",Videoblogging,4
KALINGA,11,39,39,2383081,93504,6632,"geo ong, vlog, vlogger, ybs, travel, adventure, palawan, gio, ong, gioong, hiphop, covid19, covid, corona, pinoy, philippines, youngbloods, dougie, congtv, teampayaman, jolai, viy, yow, bosskeng, exb, exbattalion, skustclee, yongee, flowg, angelicayap, offroad, livelife, ranzkyle, niana, ranz&niana, camping, offgrid, wildasovich, harabas",2025-01-09 00:00:00+00:00,['kalinga'],Foreign,1
KALMA,5,44,45,2294317,99878,9000,"geo ong, vlog, vlogger, ybs, travel, adventure, palawan, gio, ong, gioong, hiphop, covid19, covid, corona, pinoy, philippines, youngbloods, dougie, congtv, teampayaman, jolai, viy, yow, bosskeng, exb, exbattalion, skustclee, yongee, flowg, angelicayap, offroad, livelife, ranzkyle, niana, ranz&niana, camping, offgrid, wildasovich, harabas",2024-11-06 00:00:00+00:00,['kalma'],Foreign,1
KIBUNGAN,22,28,28,2289265,84376,7259,"geo ong, vlog, vlogger, ybs, travel, adventure, palawan, gio, ong, gioong, hiphop, covid19, covid, corona, pinoy, philippines, youngbloods, dougie, congtv, teampayaman, jolai, viy, yow, bosskeng, exb, exbattalion, skustclee, yongee, flowg, angelicayap, offroad, livelife, ranzkyle, niana, ranz&niana, camping, offgrid, wildasovich, harabas",2024-12-08 00:00:00+00:00,['kibungan'],Foreign,1
"KMJS Livestream January 12, 2025 Episode | Kapuso Mo, Jessica Soho",37,13,13,708276,4291,197,"Feature, series: Kapuso Mo Jessica Soho, Topic: educational, vertical: entertainment, Topic: viral, Genre: Docu, Genre: Trends, Genre: Public Service, Genre: Horror, series: Kapuso mo Jessica Soho, Person: Jessica Soho, kmjs live, kapuso mo jessica soho live, jessica soho live, kmjs livestream, abs cbn live, kapamilya online live, rated k, kmjs horror, kmjs today, kmjs january 12 2025, KMJS GMA 7, kmjs, kmjs kapuso stream, kapuso stream, tulfo, gma live, pepsi paloma",2025-01-12 00:00:00+00:00,"['kmjs', 'livestream', 'january', '12', '2025', 'episode', 'kapuso', 'mo', 'jessica', 'soho']",Horror,10
"KMJS livestream December 15, 2024 Episode - Replay | Kapuso Mo, Jessica Soho",32,18,18,713042,4090,120,"Feature, series: Kapuso Mo Jessica Soho, Topic: educational, vertical: entertainment, Topic: viral, Genre: Docu, Genre: Trends, Genre: Public Service, Genre: Horror, series: Kapuso mo Jessica Soho, Person: Jessica Soho, kmjs live, kapuso mo jessica soho live, jessica soho live, kmjs livestream, abs cbn live, kapamilya online live, rated k, kmjs horror, kmjs today, kmjs december 15, KMJS GMA 7, kmjs, kmjs kapuso stream, kapuso stream, mr beast, gma live, maris & anthony",2024-12-15 00:00:00+00:00,"['kmjs', 'livestream', 'december', '15', '2024', 'episode', 'replay', 'kapuso', 'mo', 'jessica', 'soho']",Horror,11
"KMJS livestream December 8, 2024 Episode - Replay | Kapuso Mo, Jessica Soho",44,6,6,682813,4019,131,"Genre: Feature, series: Kapuso Mo Jessica Soho, Topic: educational, vertical: entertainment, Topic: viral, Genre: Docu, Genre: Trends, Genre: Public Service, Genre: Horror, series: Kapuso mo Jessica Soho Live, Person: Jessica Soho, kmjs live, jessica soho latest episode, kmjs livestream, kapamilya online live, kmjs horror, kmjs latest episode 2024, kmjs, kmjs latest episode, jessica soho, kmjs livestreaming today, kapuso mo jessica soho, gma live, mr beast, tulfo, mpl",2024-12-08 00:00:00+00:00,"['kmjs', 'livestream', 'december', '2024', 'episode', 'replay', 'kapuso', 'mo', 'jessica', 'soho']",Horror,10
"KMJS livestream February 16, 2025 Episode - Replay | Kapuso Mo, Jessica Soho",4,46,46,2213010,12676,582,"Genre: Feature, series: Kapuso Mo Jessica Soho, Topic: educational, vertical: entertainment, Topic: viral, Genre: Docu, Genre: Trends, Genre: Public Service, Genre: Horror, series: Kapuso mo Jessica Soho, Person: Jessica Soho, kmjs live, kapuso mo jessica soho live, jessica soho live, kmjs livestream, abs cbn live, kapamilya online live, rated k, kmjs horror, kmjs today, kmjs february 16 2025, KMJS GMA 7, kmjs, kmjs kapuso stream, kapuso stream, tulfo, gma live",2025-02-16 00:00:00+00:00,"['kmjs', 'livestream', 'february', '16', '2025', 'episode', 'replay', 'kapuso', 'mo', 'jessica', 'soho']",Horror,11
"KMJS livestream February 23, 2025 Episode - Replay | Kapuso Mo, Jessica Soho",47,3,3,886663,5024,194,"Genre: Feature, series: Kapuso Mo Jessica Soho, Topic: educational, vertical: entertainment, Topic: viral, Genre: Docu, Genre: Trends, Genre: Public Service, Genre: Horror, series: Kapuso mo Jessica Soho, Person: Jessica Soho, kmjs live, kapuso mo jessica soho live, jessica soho live, kmjs livestream, abs cbn live, kapamilya online live, rated k, kmjs horror, kmjs today, kmjs february 16 2025, KMJS GMA 7, kmjs, kmjs kapuso stream, kapuso stream, tulfo, gma live",2025-02-23 00:00:00+00:00,"['kmjs', 'livestream', 'february', '23', '2025', 'episode', 'replay', 'kapuso', 'mo', 'jessica', 'soho']",Horror,11
"KMJS livestream January 19, 2025 Episode - Replay | Kapuso Mo, Jessica Soho",44,6,6,779302,4547,128,"Feature, series: Kapuso Mo Jessica Soho, Topic: educational, vertical: entertainment, Topic: viral, Genre: Docu, Genre: Trends, Genre: Public Service, Genre: Horror, series: Kapuso mo Jessica Soho, Person: Jessica Soho, kmjs live, kapuso mo jessica soho live, jessica soho live, kmjs livestream, abs cbn live, kapamilya online live, rated k, kmjs horror, kmjs today, kmjs january 19 2025, KMJS GMA 7, kmjs, kmjs kapuso stream, kapuso stream, tulfo, gma live",2025-01-19 00:00:00+00:00,"['kmjs', 'livestream', 'january', '19', '2025', 'episode', 'replay', 'kapuso', 'mo', 'jessica', 'soho']",Horror,11
"KMJS livestream January 7, 2024 Episode | Kapuso Mo, Jessica Soho",30,20,20,585159,5954,138,"vertical:entertainment, genre:factual, format:full episode, source:etc, type:digital, series: Kapuso Mo Jessica Soho, topic:GMA Public Affairs Live, GMA Network, Kapuso Stream, Kapuso Stream Live Today, kmjs Live, person:Jessica Soho, location:Philippines, language:Filipino, kapuso mo jessica soho 2023, kmjs December 31 2023, kapuso mo jessica soho livestream, jessica soho, jessica soho latest, capinpin brothers, ser geybin, chief allen, capinpin, beth capinpin",2024-01-07 00:00:00+00:00,"['kmjs', 'livestream', 'january', '2024', 'episode', 'kapuso', 'mo', 'jessica', 'soho']",Entertainment,9
"KMJS livestream March 16, 2025 Episode - Replay | Kapuso Mo, Jessica Soho",33,17,17,866308,5296,1416,"Genre: Feature, series: Kapuso Mo Jessica Soho, Topic: educational, vertical: entertainment, Topic: viral, Genre: Docu, Genre: Trends, Genre: Public Service, Genre: Horror, series: Kapuso mo Jessica Soho, Person: Jessica Soho, kmjs live, kapuso mo jessica soho live, jessica soho live, kmjs livestream, abs cbn live, kapamilya online live, rated k, kmjs today, kmjs march 16 2025, KMJS GMA, kmjs kapuso stream, duterte icc, fprrd, duterte, nahulog sa escalator, kitty duterte",2025-03-16 00:00:00+00:00,"['kmjs', 'livestream', 'march', '16', '2025', 'episode', 'replay', 'kapuso', 'mo', 'jessica', 'soho']",Horror,11
"KMJS livestream March 23, 2025 Episode - Replay | Kapuso Mo, Jessica Soho",33,17,17,863908,4397,152,"Genre: Feature, series: Kapuso Mo Jessica Soho, Topic: educational, vertical: entertainment, Topic: viral, Genre: Docu, Genre: Trends, Genre: Public Service, Genre: Horror, series: Kapuso mo Jessica Soho, Person: Jessica Soho, kmjs live, kapuso mo jessica soho live, jessica soho live, kmjs livestream, abs cbn live, kapamilya online live, rated k, kmjs horror, kmjs today, kmjs march 23 2025, KMJS GMA 7, kmjs, kmjs kapuso stream, tulfo, gma live, SIGNOS, bata nalapnos",2025-03-23 00:00:00+00:00,"['kmjs', 'livestream', 'march', '23', '2025', 'episode', 'replay', 'kapuso', 'mo', 'jessica', 'soho']",Horror,11
"KMJS livestream March 9, 2025 Episode - Replay | Kapuso Mo, Jessica Soho",21,29,29,1410396,9595,853,"Feature, series: Kapuso Mo Jessica Soho, Topic: educational, vertical: entertainment, Topic: viral, Genre: Docu, Genre: Trends, Genre: Public Service, Genre: Horror, series: Kapuso mo Jessica Soho, Person: Jessica Soho, kmjs live, kapuso mo jessica soho live, jessica soho live, kmjs livestream, abs cbn live, kapamilya online live, rated k, kmjs horror, kmjs today, kmjs march 9 2025, KMJS GMA 7, kmjs, kmjs kapuso stream, kapuso stream, tulfo, gma live, ELIAS, ELIAS DANCE",2025-03-09 00:00:00+00:00,"['kmjs', 'livestream', 'march', '2025', 'episode', 'replay', 'kapuso', 'mo', 'jessica', 'soho']",Horror,10
"KMJS livestream October 27, 2024 Episode - Replay | Kapuso Mo, Jessica Soho",1,49,49,4484578,25134,2004,"Genre: Feature, series: Kapuso Mo Jessica Soho, vertical: entertainment, Topic: viral, Genre: Docu, Genre: Trends, Genre: Public Service, Genre: Horror, series: Kapuso mo Jessica Soho Live, Person: Jessica Soho, kmjs live, kapuso mo jessica soho live, jessica soho live, kmjs livestream, kmjs today, kmjs october 27, KMJS gabi ng lagim, gabi ng lagim, KMJS halloween special, kmjs, jessica soho, misteryo, misteryo gma, kapuso stream, ed caluag, Gabi ng lagim 2024, GNL 2024",2024-10-27 00:00:00+00:00,"['kmjs', 'livestream', 'october', '27', '2024', 'episode', 'replay', 'kapuso', 'mo', 'jessica', 'soho']",Entertainment,11
KUNG SAAN MASAYA,2,48,48,2833052,104854,5957,"geo ong, vlog, vlogger, ybs, travel, adventure, palawan, gio, ong, gioong, hiphop, covid19, covid, corona, pinoy, philippines, youngbloods, dougie, congtv, teampayaman, jolai, viy, yow, bosskeng, exb, exbattalion, skustclee, yongee, flowg, angelicayap, offroad, livelife, ranzkyle, niana, ranz&niana, camping, offgrid, wildasovich, harabas",2024-08-13 00:00:00+00:00,['masaya'],Foreign,1
Kababalaghan V: Pagkagat ng Dilim,3,44,47,2171545,15852,1915,"ABS-CBN, ABS-CBN News, Philippine News, News, ABS-CBN News Channel, DZMM Teleradyo, ABS CBN DZMM, October 26 2023, 20231026abscbnlive, YT0psLance, News Daytime, type:highlights, series:Kabayan, channel:ABS-CBNNews, format:straight, #ABSCBNNewsHalloweenSpecial, #ABSCBNNewsHalloween, #KababalaghanV, #KababalaghanV2023, #ABSCBNNewsKababalaghanSeries, #ABSCBNNewsKababalaghanV2023_VOD, #KababaghanVPagkagatNgDilim, Noli de Castro, ikalimang edisyon ng 'Kababalaghan, person:NoliDeCastro, halloween stories",2023-10-29 00:00:00+00:00,"['kababalaghan', 'pagkagat', 'dilim']",Shows,3
Karinderya Vendor For A Day by Alex Gonzaga,13,37,37,1997531,45717,1296,"Alex gonzaga, Alex vlog, New vlog, Ivana alawi, Zeinab, Cong tv, Showtime, Eat, Tvj, Tv5, Gma, Bulaga, News, Travel, New video, Vlog trip, Alex g, Gonzaga, Friends, Best friends, Bff, Funny, New vid, Vlog, Toni gonzaga, Tanay Rizal, Daily vlog, Tiktok, Lifestyle, Trending, Viral, Dance, Friendships, Yayamanin, House raid, Rich life, Niceprint, Wedding, Same day edit, Celebrity photography, Celebrity video, Home raid, House tour, Dongyan, Marian",2024-02-11 00:00:00+00:00,"['karinderya', 'vendor', 'day', 'alex', 'gonzaga']",Videoblogging,5
"Kasalan, naudlot dahil si groom, ginayuma diumano ni bride? | Kapuso Mo, Jessica Soho",14,36,36,2674408,15391,2116,"Feature, series: Kapuso Mo Jessica Soho, Topic: educational, vertical: entertainment, Topic: viral, Genre: Docu, Genre: Trends, Genre: Public Service, Genre: Horror, series: Kapuso mo Jessica Soho, Person: Jessica Soho, kmjs live, kapuso mo jessica soho live, jessica soho live, kmjs livestream, abs cbn live, kapamilya online live, rated k, kmjs today, kmjs march 16 2025, KMJS GMA 7, kmjs, kmjs kapuso stream, duterte icc, fprrd, bata nahulog sa escalator, duterte, gayuma",2025-03-17 00:00:00+00:00,"['kasalan', 'naudlot', 'si', 'groom', 'ginayuma', 'diumano', 'bride', 'kapuso', 'mo', 'jessica', 'soho']",Entertainment,11
Kathryn Bernardo OFFICIAL STATEMENT sa PAG-AMIN ng Hiwalayan at Break-Up nila ni Daniel Padilla,33,17,17,159790,1179,115,"showbiz philippines, showbiz, philippines, kathniel, kathryn bernardo, daniel padilla, kathniel break up, kathniel hiwalay na",2023-11-30 00:00:00+00:00,"['kathryn', 'bernardo', 'official', 'statement', 'pagamin', 'hiwalayan', 'breakup', 'daniel', 'padilla']",Shows,9
"Koymi o referee ng sabong, patay matapos tamaan ng tari ng manok sa tuhod! | Kapuso Mo, Jessica Soho",20,21,30,2468664,15635,2483,"Keywords: GMA, GMA 7, GMA Public Affairs, Public Affairs, Magazine, Kapuso Mo Jessica Soho, KMJS, Jessica Soho, KMJS 2024, Kapuso Mo Jessica Soho April 7 2024, vertical:news, genre:entertainment, format:interview, source:video, type:digital, news magazine, kmjs, kapuso mo jessica soho, kmjs latest, kapuso mo jessica soho latest episode, person:Jessica Soho, language:Filipino, KMJS inatake ng manok, patay sa sabungan, kmjs patay sa sabong, kmjs patay sa tari, kmjs sabong, sabong kmjs",2024-04-10 00:00:00+00:00,"['koymi', 'referee', 'sabong', 'patay', 'matapos', 'tamaan', 'tari', 'manok', 'tuhod', 'kapuso', 'mo', 'jessica', 'soho']",Entertainment,13
"LIVE: #Nazareno2024 Special Coverage (January 9, 2024)",6,44,44,905337,4833,47,"ABS-CBN, ABS-CBN News, Philippine News, News, ABS-CBN News Channel, DZMM Teleradyo, ABS CBN DZMM, January 09 2024, 20240109abscbnlive, type:highlights, series:Kabayan, channel:ABS-CBNNews, format:straight, #ABSCBNNewsLivestreams, #ABSCBNNewsLivestreamPressBriefings, #Nazareno2024, #Traslacion2024, #Traslacion2024ABSCBNNewsCoverage, YT0psJay, #Nazareno2024ABSCBNNewsCoverage, Itim na Poong Nazareno, Poong Nazareno, Black Nazarene, Black Nazarene ABS-CBN News Coverage, Black Nazarene news updates",2024-01-09 00:00:00+00:00,"['live', 'nazareno2024', 'special', 'coverage', 'january', '2024']",Shows,6
LIVE: ABS-CBN News Special Coverage on the Arrest of Ex-Pres. Rodrigo Duterte,46,4,4,1048468,4604,229,"ABS-CBN, ABS-CBN News, ABS-CBN Philippines, Philippine News, Philippines, ABS-CBN News Exclusive, #ABS-CBNNews_Exclusive, latest news update, recent news, YT0psLance, March 11 2025, 20250311abscbnnewsexclusive, channel:ABSCBNNews, News and Current Affairs, Latest News, Viral News, #ABSCBNNewsExclusiveVOD, #ABSCBNNewsExclusive_VOD, Duterte's arrest, FPRRD arrest, icc arrest warrant vs duterte, Trillanes, ICC warrant of arrest, International Criminal Court, Former President Rodrigo Duterte",2025-03-11 00:00:00+00:00,"['live', 'abscbn', 'news', 'special', 'coverage', 'arrest', 'expres', 'rodrigo', 'duterte']",Videoblogging,9
LIVE: Ex-Pres. Rodrigo Duterte attends the QuadComm hearing on EJKs | GMA Integrated News - Replay,30,20,20,1460414,7670,2579,"GMA News today, GMA News, genre: Newscast, genre: Breaking, series: GMA News Live, topic: interview, vertical: news, format: live, GMA Integrated News live nov 13, GMA Livestream today, Ex-pres duterte attends quadcom hearing November 13, quadcom hearing on ejk live november 13, Ex-President Rodrigo Duterte attends the QuadComm hearing on EJKs, hearing live, De lima at FPRRD nagharap sa quadcom hearing, quadcom, house hearing live today nov 13, House hearing duterte live, EJK",2024-11-13 00:00:00+00:00,"['live', 'expres', 'rodrigo', 'duterte', 'attends', 'quadcomm', 'hearing', 'ejks', 'gma', 'integrated', 'news', 'replay']",News & Politics,12
"LIVE: House resumes hearing on OVP, DepEd budget utilization | November 25",5,45,45,2735289,12534,902,"ABS-CBN, ABS-CBN News, ABS-CBN Philippines, Philippine News, News, ABS-CBN News Channel, genre:politics, genre:society, genre:economy, type:highlights, format:straightnews, language:english, Insight highlights, ANC 24/7 Insight, format:interview, LIVE: House resumes hearing on OVP, DepEd budget utilization, House resumes hearing on OVP, budget utilization, 2025 budget, budget, Vice President, DepEd budget utilization | November 25, DepEd budget, November 25 2024, 20241125news, YT0ps_Jay, news",2024-11-25 00:00:00+00:00,"['live', 'house', 'resumes', 'hearing', 'ovp', 'deped', 'budget', 'utilization', 'november', '25']",News & Politics,10
"LIVE: House resumes quad comm hearing on EJK, Duterte drug war | November 13",3,47,47,3554378,19009,3130,"ABS-CBN, ABS-CBN News, Philippine News, Philippines, POGOs, Tagalog News, Balita Tagalog, trending news, viral news, trending videos, trending balita, Breaking News, Latest News, Top News, Napapanahong Balita, series:abscbnnewslivestream, genre:society, genre:politics, format:straightnews, type:broadcast, source:video, illegal drugs, quad committee, Rodrigo Duterte, Leila de Lima, EJK, YT0psKerb, November 13 2024, 20241113news, news, pogo, Extra Judicial Killing, Senator Leila de Lima, Gama",2024-11-13 00:00:00+00:00,"['live', 'house', 'resumes', 'quad', 'comm', 'hearing', 'ejk', 'duterte', 'drug', 'war', 'november', '13']",News & Politics,12
"LIVE: House resumes quad-committee hearing on EJKs, Alice Guo's POGO ties | Sept. 27",15,35,35,1566711,8053,660,"Manila Bulletin, Manila Bulletin Online, News, Latest News, Top News, Top Stories, Breaking News, Feature, Philippines, Balita, quad comm, house of representatives, ejk, pogo, duterte, davao",2024-09-27 00:00:00+00:00,"['live', 'house', 'resumes', 'quadcommittee', 'hearing', 'ejks', 'alice', 'guo', 'pogo', 'ties', 'sept', '27']",News & Politics,12
LIVE: Senate Blue Ribbon subcommittee probes into Duterte admin's war on drugs | October 28,19,31,31,1812229,11084,2044,"ABS-CBN, ABS-CBN News, Philippine News, News, ABS-CBN News Channel, DZMM Teleradyo, ABS CBN DZMM, October 28 2024, 20241028abscbnlivestream, YT0psLance, News Daytime, type:highlights, series:Kabayan, channel:ABS-CBNNews, format:straight, #ABSCBNNewsLivestreams, #ABSCBNNewsLivestreamPressBriefings, Blue Ribbon, Drug War, EJK, Tokhang, Duterte, Digong, PRRD, Leila De Lima",2024-10-28 00:00:00+00:00,"['live', 'senate', 'blue', 'ribbon', 'subcommittee', 'probes', 'duterte', 'admin', 'war', 'drugs', 'october', '28']",News & Politics,12
"Lalaking nalunod sa Aklan River, pinagtutulungang hanapin ng mga residente | Kapuso Mo, Jessica Soho",8,28,42,2899188,20682,2066,"Genre:Feature, series: Kapuso Mo Jessica Soho, Topic: educational, vertical: entertainment, Topic: viral, Genre: Docu, Genre: Trends, Genre: Public Service, Genre: Horror, series: Kapuso mo Jessica Soho, Person: Jessica Soho, kmjs live, kapuso mo jessica soho live, jessica soho live, kmjs livestream, abs cbn live, kapamilya online live, rated k, kmjs horror, kmjs today, kmjs february 16 2025, KMJS GMA 7, kmjs, kmjs kapuso stream, kapuso stream, tulfo, mr beast, gma live",2025-02-17 00:00:00+00:00,"['lalaking', 'nalunod', 'aklan', 'river', 'pinagtutulungang', 'hanapin', 'residente', 'kapuso', 'mo', 'jessica', 'soho']",Horror,11
"Lalaking tumawid sa kalsada, tumagos sa motorsiklo at biglang naglaho! | Kapuso Mo, Jessica Soho",19,20,31,2637765,18307,3072,"GMA, GMA 7, GMA Public Affairs, Public Affairs, Magazine, Kapuso Mo Jessica Soho, KMJS, Jessica Soho, KMJS 2024, Kapuso Mo Jessica Soho March 24 2024, vertical:news, genre:entertainment, format:interview, source:video, type:digital, series:Kapuso Mo, Jessica Soho, topic:explainer, news magazine, kmjs, kapuso mo jessica soho, trending news, kmjs today, kmjs latest, kapuso mo jessica soho latest episode, person:Jessica Soho, location:Philippines, language:Filipino",2024-03-25 00:00:00+00:00,"['lalaking', 'tumawid', 'kalsada', 'tumagos', 'motorsiklo', 'biglang', 'naglaho', 'kapuso', 'mo', 'jessica', 'soho']",Entertainment,11
"Legal counsel ng pamilyang Duterte, kinondena ang pagpigil sa kanila na makausap ang dating pangulo",14,26,36,1051998,15938,4752,"tv5, news5, news5everywhere, philippines news live, julius babao, jiggy manicad, cheryl cosim, latest news, latest news philippines, latest news philippines today, frontline pilipinas live streaming, frontline news tv5 live now, frontline news tv5 live today, bilang pilipino 2025, frontline news tv5 live, frontline live today, frontline pilipinas, sara duterte, breaking news, atty. silvestre bello iii, legal counsel, icc, rodrigo duterte",2025-03-12 00:00:00+00:00,"['legal', 'counsel', 'pamilyang', 'duterte', 'kinondena', 'pagpigil', 'makausap', 'dating', 'pangulo']",Shows,9
Life in Hong kong + Giveaway for OFW by Alex Gonzaga,38,12,12,760342,27322,1554,"Alex gonzaga, Alex vlog, New vlog, Ivana alawi, Zeinab, Cong tv, Showtime, Eat, Tvj, Tv5, Gma, Bulaga, News, Travel, New video, Vlog trip, Alex g, Gonzaga, Friends, Best friends, Bff, Funny, New vid, Vlog, Toni gonzaga, Tanay Rizal, Daily vlog, Tiktok, Lifestyle, Trending, Viral, Dance, Friendships, House raid, Rich life, Celebrity photography, Celebrity video, Home raid, House tour, Hong Kong, OFW, OFW for a Day, DH, Domestic Helper, HK, Overseas Filipino Worker, Kababayan",2024-06-30 00:00:00+00:00,"['life', 'hong', 'giveaway', 'ofw', 'alex', 'gonzaga']",Videoblogging,6
"Lola, pinugutan ng ulo para diumano ipangregalo sa mga kainuman?! | Kapuso Mo, Jessica Soho",1,47,49,2751082,21263,2756,"GMA, GMA 7, GMA Public Affairs, Public Affairs, Magazine, Kapuso Mo Jessica Soho, KMJS, Jessica Soho, KMJS 2024, Kapuso Mo Jessica Soho January 7 2024, vertical:news, genre:entertainment, format:interview, source:video, type:digital, series:Kapuso Mo, topic:explainer, interview, news magazine, kmjs, kapuso mo jessica soho, trending news, kmjs today, kmjs latest, kapuso mo jessica soho latest episode, person:Jessica Soho, location:Philippines, language:Filipino, agusan del norte, pugot",2024-01-09 00:00:00+00:00,"['lola', 'pinugutan', 'ulo', 'diumano', 'ipangregalo', 'kainuman', 'kapuso', 'mo', 'jessica', 'soho']",Entertainment,10
MAY BAGONG KASAMA?,4,44,46,2264442,84691,5088,"geo ong, vlog, vlogger, ybs, travel, adventure, palawan, gio, ong, gioong, hiphop, covid19, covid, corona, pinoy, philippines, youngbloods, dougie, congtv, teampayaman, jolai, viy, yow, bosskeng, exb, exbattalion, skustclee, yongee, flowg, angelicayap, offroad, livelife, ranzkyle, niana, ranz&niana, camping, offgrid, wildasovich, harabas",2024-03-23 00:00:00+00:00,"['bagong', 'kasama']",Foreign,2
"MEMEstery Manila with Darren, Jackie & SOU Squad | Vice Ganda",21,28,29,1609706,33364,752,"vice ganda, vice, ganda, meme vice, meme, vicegandako, praybeytbenjamin, teamviceph, vice ganda house tour, vice ganda funny moments, vice ganda movie, gabing gabi na vice",2024-11-01 00:00:00+00:00,"['memestery', 'manila', 'darren', 'jackie', 'sou', 'squad', 'vice', 'ganda']",Comedy,8
MOST REQUESTED WALK IN CLOSET TOUR | JELAI ANDRES,32,18,18,239415,9299,897,"jelai, jelaiandresvlog, jelai andres, jelai andres vlogs, jelai andres walk in closet tour, jelai andres house tour, jelai andres luxury bags, jelai andres room, dolainab, miloves",2024-01-16 00:00:00+00:00,"['requested', 'walk', 'closet', 'tour', 'jelai', 'andres']",Videoblogging,6
MY BIRTHDAY | PAJAMA PARTY (SLEEP OVER) |PALARONG FIESTAHAN | JELAI ANDRES,28,18,22,628279,22416,945,"jelai, jelaiandresvlog, jelai andres, jelai andres birthday party, jelai andres birthday, slumber party, dolainab, dolainab birthday, dolainab party, jelai andres vlogs, zeinab harake, donnalyn bartolome, ray parks, zeinab ray parks, josh cullen, jelai andres josh cullen, happy birthday jelai, jelais pajama party, dolainab vlogs",2024-02-16 00:00:00+00:00,"['birthday', 'pajama', 'party', 'sleep', 'palarong', 'fiestahan', 'jelai', 'andres']",Videoblogging,8
"Magandang Dilag: Full Episode 92 (November 1, 2023) (with English subs)",37,13,13,2231429,32058,1415,"GMA Drama, Magandang Dilag GMA Network, Drama, Magandang Dilag, Magandang Dilag November 1 2023, Magandang Dilag Episode 92, Magandang Dilag November 1, Magandang Dilag full episode, vertical:drama, genre:family, format:full episode, type:digital, series:Magandang Dilag, topic:beauty, transformation, revenge, love, location:Philippines, person:Herlene Budol, person:Benjamin Alves, person:Rob Gomez, person:Maxine Medina, person:Chanda Romero, person:Sandy Andolong, language:Filipino",2023-11-01 00:00:00+00:00,"['magandang', 'dilag', 'episode', '92', 'november', '2023', 'english', 'subs']",Drama,8
"Magandang Dilag: Full Episode 93 (November 2, 2023)",13,37,37,2215096,33622,1281,"GMA Drama, Magandang Dilag GMA Network, Drama, Magandang Dilag, Magandang Dilag November 2 2023, Magandang Dilag Episode 93, Magandang Dilag November 2, Magandang Dilag full episode, vertical:drama, genre:family, format:full episode, type:digital, series:Magandang Dilag, topic:beauty, transformation, revenge, love, location:Philippines, person:Herlene Budol, person:Benjamin Alves, person:Rob Gomez, person:Maxine Medina, person:Chanda Romero, person:Sandy Andolong, language:Filipino",2023-11-02 00:00:00+00:00,"['magandang', 'dilag', 'episode', '93', 'november', '2023']",Drama,6
"Magandang Dilag: Full Episode 94 (November 3, 2023)",37,13,13,2034033,32462,937,"GMA Drama, Magandang Dilag GMA Network, Drama, Magandang Dilag, Magandang Dilag November 3 2023, Magandang Dilag Episode 94, Magandang Dilag November 3, Magandang Dilag full episode, vertical:drama, genre:family, format:full episode, type:digital, series:Magandang Dilag, topic:beauty, transformation, revenge, love, location:Philippines, person: Herlene Budol, person: Benjamin Alves, person:Rob Gomez, person:Maxine Medina, person: Chanda Romero, person: Sandy Andolong, language:Filipino",2023-11-03 00:00:00+00:00,"['magandang', 'dilag', 'episode', '94', 'november', '2023']",Drama,6
Married Couple Test (Moradas vs. Sorianos) by Alex Gonzaga,7,38,43,2090820,49385,1773,"Alex gonzaga, Alex vlog, New vlog, Ivana alawi, Zeinab, Cong tv, Showtime, Eat, Tvj, Tv5, Gma, Bulaga, News, Travel, New video, Vlog trip, Alex g, Gonzaga, Friends, Best friends, Bff, Funny, New vid, Vlog, Toni gonzaga, Tanay Rizal, Daily vlog, Tiktok, Lifestyle, Trending, Viral, Dance, Friendships, Yayamanin, House raid, Rich life, Niceprint, Wedding, Same day edit, Celebrity photography, Celebrity video, Home raid, House tour, Dongyan, Marian",2024-06-01 00:00:00+00:00,"['married', 'couple', 'test', 'moradas', 'vs', 'sorianos', 'alex', 'gonzaga']",Videoblogging,8
Meet My Gen Z Kada by Alex Gonzaga,6,39,44,2340788,61479,1952,"Alex gonzaga, Alex vlog, New vlog, Ivana alawi, Zeinab, Cong tv, Showtime, Eat, Tvj, Tv5, Gma, Bulaga, News, Travel, New video, Vlog trip, Alex g, Gonzaga, Friends, Best friends, Bff, Funny, New vid, Vlog, Toni gonzaga, Daily vlog, Tiktok, Lifestyle, Trending, Viral, Dance, Friendships, House raid, Rich life, Celebrity photography, Celebrity video, Home raid, Comedy, Blythe, Gen Z, Bea Borres, Andrea Brillantes, Danica Ontengco, Alabang, BGC, Night Life, ABCD Girls",2024-07-28 00:00:00+00:00,"['meet', 'gen', 'kada', 'alex', 'gonzaga']",Videoblogging,5
"Mga taga-Homonhon, nangangamba para sa kanilang lugar dahil sa pagmimina?! | Kapuso Mo, Jessica Soho",34,16,16,956612,10361,4510,"GMA, GMA 7, GMA Public Affairs, Public Affairs, Magazine, Kapuso Mo Jessica Soho, KMJS, Jessica Soho, KMJS 2024, Kapuso Mo Jessica Soho April 14 2024, vertical:news, source:video, type:digital, topic:explainer, news magazine, kmjs, kapuso mo jessica soho, trending news, kmjs today, kmjs latest, kapuso mo jessica soho latest episode, person:Jessica Soho, location:Philippines, language:Filipino, KMJS homonhon, kmjs pagmimina, homonhon pagmimina, lupain sa homonhon. Pagmimina sa homonhon",2024-04-17 00:00:00+00:00,"['tagahomonhon', 'nangangamba', 'lugar', 'pagmimina', 'kapuso', 'mo', 'jessica', 'soho']",Foreign,8
Michelle Dee finds new date in 'EXpecially for You',8,42,42,1243476,12080,891,"ABS-CBN, ABS-CBN News, ABS-CBN Philippines, Philippine News, News, Philippines, PatrolPH, Tagalog news, The Manoeuvres, News Daytime, TeleRadyo, TeleRadyo Live, ABS-CBN Highlights, ABS-CBN News Latest news, DZMM TeleRadyo, April 06 2024, 20240406news, ABS-CBNNews_HL, YT0psRoilher, format:report, format:interview, format:livereport, type:broadcast, genre:society, genre:politics, genre:economy, type:live, channel:ABS-CBNNews, #ABS-CBNNews_Highlight, Michelle Dee, EXpecially for You, Showtime, new date",2024-04-06 00:00:00+00:00,"['michelle', 'dee', 'finds', 'new', 'date', 'expecially']",News & Politics,6
"Mister, nagka-amnesia at 'di na makilala ang misis matapos silang ikasal? | Kapuso Mo, Jessica Soho",27,23,23,2071879,23548,2727,"GMA, GMA Public Affairs, Public Affairs, Magazine, Kapuso Mo Jessica Soho, KMJS, Jessica Soho, KMJS 2024, Kapuso Mo Jessica Soho June 23 2024, vertical:news, genre:entertainment, format:interview, source:video, kmjs, kapuso mo jessica soho, trending news, kmjs today, kmjs latest, kapuso mo jessica soho latest episode, person:Jessica Soho, location:Philippines, language:Filipino, kmjs latest episode, kmjs June 23 2024, lalaki nagka amnesia matapos ikasal, series: Kapuso Mo Jessica Soho, gma",2024-06-24 00:00:00+00:00,"['mister', 'nagkaamnesia', 'di', 'makilala', 'misis', 'matapos', 'silang', 'ikasal', 'kapuso', 'mo', 'jessica', 'soho']",Entertainment,12
Mommy Pinty's Birthday in SG by Alex Gonzaga,5,45,45,2254256,36719,1021,"Alex gonzaga, Alex vlog, New vlog, Ivana alawi, Zeinab, Cong tv, Showtime, Eat, Tvj, Tv5, Gma, Bulaga, News, Travel, New video, Vlog trip, Alex g, Gonzaga, Friends, Best friends, Bff, Funny, New vid, Vlog, Toni gonzaga, Tanay Rizal, Daily vlog, Tiktok, Lifestyle, Trending, Viral, Dance, Friendships, Yayamanin, House raid, Rich life, Celebrity video, Home raid, House tour, Dongyan, Marian, Polly, toni gonzaga, gonzaga sisters, Mommy Pinty, Birthday, Singapore, Pinty, Bonoy",2024-11-17 00:00:00+00:00,"['mommy', 'pinty', 'birthday', 'sg', 'alex', 'gonzaga']",Videoblogging,6
My Birthday by Alex Gonzaga,7,34,43,3294784,116394,10229,"Alex gonzaga, Alex vlog, New vlog, Ivana alawi, Zeinab, Cong tv, Showtime, Eat, Tvj, Tv5, Gma, Bulaga, News, Travel, New video, Vlog trip, Alex g, Gonzaga, Friends, Best friends, Bff, Funny, New vid, Vlog, Toni gonzaga, Tanay Rizal, Daily vlog, Tiktok, Lifestyle, Trending, Viral, Friendships, Celebrity photography, Celebrity video, House tour, toni gonzaga, gonzaga sisters, mikee morada, milex, mikee, catherine gonzaga, pregnancy, birthday, pregnancy journey, miscarriage, celebration",2025-01-27 00:00:00+00:00,"['birthday', 'alex', 'gonzaga']",Videoblogging,3
"My Girlfriend EM, Is Now In The Philippines!",22,28,28,618798,20273,1428,,2024-03-01 00:00:00+00:00,"['girlfriend', 'em', 'philippines']",Foreign,3
NADALE NA NAMAN,3,47,47,1976622,70911,3246,"geo ong, vlog, vlogger, ybs, travel, adventure, palawan, gio, ong, gioong, hiphop, covid19, covid, corona, pinoy, philippines, youngbloods, dougie, congtv, teampayaman, jolai, viy, yow, bosskeng, exb, exbattalion, skustclee, yongee, flowg, angelicayap, offroad, livelife, ranzkyle, niana, ranz&niana, camping, offgrid, wildasovich, harabas",2024-04-02 00:00:00+00:00,"['nadale', 'naman']",Foreign,2
NAKITULOY,3,44,47,2375718,80659,6206,"geo ong, vlog, vlogger, ybs, travel, adventure, palawan, gio, ong, gioong, hiphop, covid19, covid, corona, pinoy, philippines, youngbloods, dougie, congtv, teampayaman, jolai, viy, yow, bosskeng, exb, exbattalion, skustclee, yongee, flowg, angelicayap, offroad, livelife, ranzkyle, niana, ranz&niana, camping, offgrid, wildasovich, harabas",2024-11-18 00:00:00+00:00,['nakituloy'],Foreign,1
NAMASKO,2,30,48,2188328,85916,4426,"geo ong, vlog, vlogger, ybs, travel, adventure, palawan, gio, ong, gioong, hiphop, covid19, covid, corona, pinoy, philippines, youngbloods, dougie, congtv, teampayaman, jolai, viy, yow, bosskeng, exb, exbattalion, skustclee, yongee, flowg, angelicayap, offroad, livelife, ranzkyle, niana, ranz&niana, camping, offgrid, wildasovich, harabas",2024-01-12 00:00:00+00:00,['namasko'],Foreign,1
NASAAN NA TAYO?,3,47,47,1832843,73715,4787,"geo ong, vlog, vlogger, ybs, travel, adventure, palawan, gio, ong, gioong, hiphop, covid19, covid, corona, pinoy, philippines, youngbloods, dougie, congtv, teampayaman, jolai, viy, yow, bosskeng, exb, exbattalion, skustclee, yongee, flowg, angelicayap, offroad, livelife, ranzkyle, niana, ranz&niana, camping, offgrid, wildasovich, harabas",2024-05-18 00:00:00+00:00,[],Foreign,0
NO CHOICE,30,19,20,1730910,79080,5749,"geo ong, vlog, vlogger, ybs, travel, adventure, palawan, gio, ong, gioong, hiphop, covid19, covid, corona, pinoy, philippines, youngbloods, dougie, congtv, teampayaman, jolai, viy, yow, bosskeng, exb, exbattalion, skustclee, yongee, flowg, angelicayap, offroad, livelife, ranzkyle, niana, ranz&niana, camping, offgrid, wildasovich, harabas",2024-05-30 00:00:00+00:00,['choice'],Foreign,1
"NOI AND TUY, FOOD BUDDIES SA THAILAND! | Ion Perez",47,3,3,201129,6073,156,"#IonPerez, #KuyaEscort, ion perez, ion perez vlog, ion perez bike, ion perez movie, ion perez closet, ion perez and vice ganda, ion perez abscbn, ion perez motorcycle, ion perez showtime, ion perez thailand travel, ion perez food trip, ion perez and vice ganda food trip thailand",2023-11-15 00:00:00+00:00,"['noi', 'tuy', 'food', 'buddies', 'thailand', 'ion', 'perez']",Videoblogging,7
Nadecline na Credit Card Prank by Alex Gonzaga,1,47,49,3533752,75934,2125,"Alex gonzaga, Alex vlog, New vlog, Ivana alawi, Zeinab, Cong tv, Showtime, Eat, Tvj, Tv5, Gma, Bulaga, News, Travel, New video, Vlog trip, Alex g, Gonzaga, Friends, Best friends, Bff, Funny, New vid, Vlog, Toni gonzaga, Tanay Rizal, Daily vlog, Tiktok, Lifestyle, Trending, Viral, Dance, Friendships, Yayamanin, House raid, Rich life, Niceprint, Wedding, Same day edit, Celebrity photography, Celebrity video, Home raid, House tour, Dongyan, Marian",2024-03-03 00:00:00+00:00,"['nadecline', 'credit', 'card', 'prank', 'alex', 'gonzaga']",Videoblogging,6
Napikon si Zeinab Prank by Alex Gonzaga,1,48,49,6874372,206442,6207,"Alex gonzaga, Alex vlog, New vlog, Ivana alawi, Zeinab, Cong tv, Showtime, Eat, Tvj, Tv5, Gma, Bulaga, News, Travel, New video, Vlog trip, Alex g, Gonzaga, Friends, Best friends, Bff, Funny, New vid, Vlog, Toni gonzaga, Tanay Rizal, Daily vlog, Tiktok, Lifestyle, Trending, Viral, Dance, Friendships, House raid, Rich life, Celebrity photography, Celebrity video, Home raid, House tour, Ray parks, Zeinab Harake, Prank, Comedy, Bobby Ray parks Jr.",2024-07-14 00:00:00+00:00,"['napikon', 'si', 'zeinab', 'prank', 'alex', 'gonzaga']",Videoblogging,6
"Nawawalang maleta sa NAIA na may mga lamang nasa halagang P50 milyon, naibalik na",1,43,49,4303905,53963,9428,"n5e, news5, news5digital, tv5, philippines, ph, news, breaking, news5everywhere, frontline, pilipinas, umaga, tonight, alerts, newsbreak, breakingnews, balita, marcos, bbm, duterte, tulfo, raffy, coc, fyp, fyi, newsph, breakingnewsph, socialnewsph, entertainmentnewsph, entertainment, tiktoknews, tiktok, trending, sarah, pba, uaap, vlog, sports",2023-10-26 00:00:00+00:00,"['nawawalang', 'maleta', 'naia', 'nasa', 'halagang', 'p50', 'milyon', 'naibalik']",Entertainment,8
New Year in Dubai by Alex Gonzaga,26,24,24,1135712,23528,578,"Alex gonzaga, Alex vlog, New vlog, Ivana alawi, Zeinab, Cong tv, Showtime, Eat, Tvj, Tv5, Gma, Bulaga, News, Travel, New video, Vlog trip, Alex g, Gonzaga, Friends, Best friends, Bff, Funny, New vid, Vlog, Toni gonzaga, Tanay Rizal, Daily vlog, Tiktok, Lifestyle, Trending, Viral, Dance, Friendships, Yayamanin, House raid, Rich life, Niceprint, Wedding, Same day edit, Celebrity photography, Celebrity video, Home raid, House tour, Dongyan, Marian",2024-02-04 00:00:00+00:00,"['new', 'year', 'dubai', 'alex', 'gonzaga']",Videoblogging,5
Ninang Can’t Say No by Alex Gonzaga,1,47,49,5477415,163406,3017,"Alex gonzaga, Alex vlog, New vlog, Ivana alawi, Zeinab, Cong tv, Showtime, Eat, Tvj, Tv5, Gma, Bulaga, News, Travel, New video, Vlog trip, Alex g, Gonzaga, Friends, Best friends, Bff, Funny, New vid, Vlog, Toni gonzaga, Tanay Rizal, Daily vlog, Tiktok, Lifestyle, Trending, Viral, Dance, Friendships, Yayamanin, House raid, Rich life, Niceprint, Wedding, Same day edit, Celebrity photography, Celebrity video, Home raid, House tour, Dongyan, Marian",2023-11-19 00:00:00+00:00,"['ninang', 'alex', 'gonzaga']",Videoblogging,3
OFW For A Day I by Alex Gonzaga,4,34,46,2127763,59421,4796,"Alex gonzaga, Alex vlog, New vlog, Ivana alawi, Zeinab, Cong tv, Showtime, Eat, Tvj, Tv5, Gma, Bulaga, News, Travel, New video, Vlog trip, Alex g, Gonzaga, Friends, Best friends, Bff, Funny, New vid, Vlog, Toni gonzaga, Tanay Rizal, Daily vlog, Tiktok, Lifestyle, Trending, Viral, Dance, Friendships, House raid, Rich life, Celebrity photography, Celebrity video, Home raid, House tour, Hong Kong, OFW, OFW for a Day, DH, Domestic Helper, HK, Overseas Filipino Worker, Kababayan",2024-06-23 00:00:00+00:00,"['ofw', 'day', 'alex', 'gonzaga']",Videoblogging,4
OFW For A Day by Alex Gonzaga,42,-8,-26,2278775,62225,4957,"Alex gonzaga, Alex vlog, New vlog, Ivana alawi, Zeinab, Cong tv, Showtime, Eat, Tvj, Tv5, Gma, Bulaga, News, Travel, New video, Vlog trip, Alex g, Gonzaga, Friends, Best friends, Bff, Funny, New vid, Vlog, Toni gonzaga, Tanay Rizal, Daily vlog, Tiktok, Lifestyle, Trending, Viral, Dance, Friendships, House raid, Rich life, Celebrity photography, Celebrity video, Home raid, House tour, Hong Kong, OFW, OFW for a Day, DH, Domestic Helper, HK, Overseas Filipino Worker, Kababayan",2024-06-23 00:00:00+00:00,"['ofw', 'day', 'alex', 'gonzaga']",Videoblogging,4
One Mindanao: Marcos vs. Duterte,17,21,33,777019,7448,2756,"vertical:news, genre:politics, format:live report, source:video, type:broadcast, series: GMA Regional TV, topic:politics, Mindanao News Updates, Local News Philippines, Bisdak News, location:Philippines, language:Filipino, GMA Local News Philippines, Philippine News, Filipino News, Regional TV News February 1 2024, marcos vs duterte, Marcos vs Duterte speech, Duterte hinamon si Marcos, Marcos vs Duterte issue, duterte vs marcos, Duterte Marcos issue, Duterte marcos drug test, duterte",2024-01-31 00:00:00+00:00,"['mindanao', 'marcos', 'vs', 'duterte']",News & Politics,4
Our Christmas Gifts by Alex Gonzaga,1,49,49,2003380,46694,941,"Alex gonzaga, Alex vlog, New vlog, Ivana alawi, Zeinab, Cong tv, Showtime, Eat, Tvj, Tv5, Gma, Bulaga, News, Travel, New video, Vlog trip, Alex g, Gonzaga, Friends, Best friends, Bff, Funny, New vid, Vlog, Toni gonzaga, Tanay Rizal, Daily vlog, Tiktok, Lifestyle, Trending, Viral, Dance, Friendships, Yayamanin, House raid, Rich life, Niceprint, Wedding, Same day edit, Celebrity photography, Celebrity video, Home raid, House tour, Dongyan, Marian",2024-01-14 00:00:00+00:00,"['christmas', 'gifts', 'alex', 'gonzaga']",Videoblogging,4
Our Surprise Gift to Mikee by Alex Gonzaga,2,39,48,3158422,76713,2632,"Alex gonzaga, Alex vlog, New vlog, Ivana alawi, Zeinab, Cong tv, Showtime, Eat, Tvj, Tv5, Gma, Bulaga, News, Travel, New video, Vlog trip, Alex g, Gonzaga, Friends, Best friends, Bff, Funny, New vid, Vlog, Toni gonzaga, Tanay Rizal, Daily vlog, Tiktok, Lifestyle, Trending, Viral, Dance, Friendships, Yayamanin, House raid, Rich life, Niceprint, Wedding, Same day edit, Celebrity photography, Celebrity video, Home raid, House tour, Dongyan, Marian",2024-09-22 00:00:00+00:00,"['surprise', 'gift', 'mikee', 'alex', 'gonzaga']",Videoblogging,5
Our Trip to Iloilo & Guimaras by Alex Gonzaga,19,31,31,2922004,65870,2628,"Alex gonzaga, Alex vlog, New vlog, Ivana alawi, Zeinab, Cong tv, Showtime, Eat, Tvj, Tv5, Gma, Bulaga, News, Travel, New video, Vlog trip, Alex g, Gonzaga, Friends, Bff, Funny, New vid, Vlog, Toni gonzaga, Tanay Rizal, Daily vlog, Tiktok, Lifestyle, Trending, Viral, Dance, Friendships, Yayamanin, House raid, Rich life, Celebrity photography, Celebrity video, Home raid, iloilo, iloilo city, guimaras, gigantes island, visayas, uswag, uswag ilonggo, guimaras mangoes, ong fam, philippines",2025-02-24 00:00:00+00:00,"['trip', 'iloilo', 'guimaras', 'alex', 'gonzaga']",Videoblogging,5
PAALAM DOMENG,1,49,49,3477975,151188,9436,"geo ong, vlog, vlogger, ybs, travel, adventure, palawan, gio, ong, gioong, hiphop, covid19, covid, corona, pinoy, philippines, youngbloods, dougie, congtv, teampayaman, jolai, viy, yow, bosskeng, exb, exbattalion, skustclee, yongee, flowg, angelicayap, offroad, livelife, ranzkyle, niana, ranz&niana, camping, offgrid, wildasovich, harabas",2024-01-20 00:00:00+00:00,"['paalam', 'domeng']",Foreign,2
PALAWAN by Alex Gonzaga,1,46,49,5728473,176954,8952,"Alex gonzaga, Alex vlog, New vlog, Ivana alawi, Zeinab, Cong tv, Showtime, Eat, Tvj, Tv5, Gma, Bulaga, Travel, New video, Vlog trip, Alex g, Gonzaga, Friends, Best friends, Bff, Funny, New vid, Vlog, Daily vlog, Tiktok, Lifestyle, Trending, Viral, Dance, Friendships, Yayamanin, Rich life, Same day edit, Celebrity video, Home raid, House tour, Dongyan, Marian, Geo Ong, Jeo Ong, Jeremiah Ong, Ong Fam, Masid, Janice Ong, Joshua Ong, Palawa, Coron, El nido, San Vicente, Puerto Princesa, Jadon ong",2024-08-19 00:00:00+00:00,"['palawan', 'alex', 'gonzaga']",Videoblogging,3
PAPUNTA SA INYO,21,29,29,1622689,73530,4611,"geo ong, vlog, vlogger, ybs, travel, adventure, palawan, gio, ong, gioong, hiphop, covid19, covid, corona, pinoy, philippines, youngbloods, dougie, congtv, teampayaman, jolai, viy, yow, bosskeng, exb, exbattalion, skustclee, yongee, flowg, angelicayap, offroad, livelife, ranzkyle, niana, ranz&niana, camping, offgrid, wildasovich, harabas",2024-05-02 00:00:00+00:00,"['papunta', 'inyo']",Foreign,2
PART 1 / Reaction Video ni Wallad kay Chloe at Yeahbert 😂,28,22,22,418149,10264,2476,,2024-01-25 00:00:00+00:00,"['reaction', 'video', 'wallad', 'kay', 'chloe', 'yeahbert']",Entertainment,6
Pangmayaman na Closet Raid by Alex Gonzaga,13,36,37,2155681,36052,1306,"Alex gonzaga, Alex vlog, New vlog, Ivana alawi, Zeinab, Cong tv, Showtime, Eat, Tvj, Tv5, Gma, Bulaga, News, Travel, New video, Vlog trip, Alex g, Gonzaga, Friends, Best friends, Bff, Funny, New vid, Vlog, Toni gonzaga, Tanay Rizal, Daily vlog, Tiktok, Lifestyle, Trending, Viral, Friendships, Celebrity photography, Celebrity video, House tour, toni gonzaga, gonzaga sisters, mikee morada, milex, mikee, catherine gonzaga, pregnancy, birthday, pregnancy journey, miscarriage, celebration",2025-02-09 00:00:00+00:00,"['pangmayaman', 'closet', 'raid', 'alex', 'gonzaga']",Videoblogging,5
"Parehas ang Laban | Ian Veneracion, John Regala | Full Tagalog Action Movie",17,33,33,839843,4175,61,"parehas ang laban full movie, jungo pinoy movies, tagalog movies, tagalog full movie, full movie, free movie, free full movie tagalog dubbed, full length filipino movies, ian veneracion movie, tagalog dubbed full movie, tagalog dubbed full movie action, tagalog dubbed, tagalized action movies, tagalog dubbed action movies, tagalized full movies, tagalized movie, best tagalog action movies, tagalog dubbed action movie, tagalog dubbed action movies 2022, free tagalog movies",2024-04-05 00:00:00+00:00,"['parehas', 'ian', 'veneracion', 'john', 'regala', 'tagalog', 'action', 'movie']",Movies,8
"Pinoy Big Brother Celebrity Collab Edition | Day 1 | March 9, 2025 Full Episode",5,1,45,2200738,40794,2651,"PBB, Pinoy Big Brother, ABS-CBN, ABS-CBN Philippines, Big Brother, Kuya, PBB House, PBB Kuya, PBB Celebrity, #PBBCollab, person:MelaiCantiveros, PBB Collab, Pinoy Big Brother Celebrity Collab edition, PBB GMA, PBB ABS-CBN and GMA Collab, Pinoy Big Brother GMA, PBB GMA Celebrity Collab edition, Person:MelaiCantiveros, Person:RobiDomingo, Person:GabbiGarcia, Person:MavyLegazpi, Person:KimChiu, Person:BiancaGonzalez, PBB Celebrity collab edition, PBB Collab 2025, Pinoy Big Brother collab, #PBB",2025-03-10 00:00:00+00:00,"['pinoy', 'big', 'brother', 'celebrity', 'collab', 'edition', 'day', 'march', '2025', 'episode']",Shows,10
"Pinoy Big Brother Gen 11 | Day 54 | September 11, 2024 Full Episode",15,35,35,1472783,18562,2374,"ABS-CBN, ABS-CBN Shows, Kapamilya Online Live, format:horizontal, ABS-CBN Star Hunt, Pinoy Big Brother 2024, series:pinoybigbrother, Pinoy Big Brother, PBB 2024, PBB Gen 11, Sep 12 2024, 20240912online, YT0psCarlo, Pinoy Big Brother Full Episode September 11 2024, PBB Gen 11 Full Episode, PBB Gen 11 Sep 11, Pinoy Big Brother Gen 11 Day 54, PBB JP, PBB Binsoy, PBB Dylan, PBB Kai, PBB Jarren, PBB Jas, PBB Rain, PBB Kolette, PBB Gen 11 Party, Jas JM sweet moments, Jas JM PBB",2024-09-12 00:00:00+00:00,"['pinoy', 'big', 'brother', 'gen', '11', 'day', '54', 'september', '11', '2024', 'episode']",Shows,11
"Pinoy Big Brother Gen 11 | Day 55 | September 12, 2024 Full Episode",3,3,47,1994312,25795,3241,"ABS-CBN, ABS-CBN Shows, Kapamilya Online Live, format:horizontal, ABS-CBN Star Hunt, Pinoy Big Brother 2024, series:pinoybigbrother, Pinoy Big Brother, PBB 2024, PBB Gen 11, Sep 12 2024, 20240912online, Pinoy Big Brother Full Episode September 11 2024, PBB Gen 11 Full Episode, PBB Gen 11 Sep 11, Pinoy Big Brother Gen 11 Day 54, PBB JP, PBB Binsoy, PBB Dylan, PBB Kai, PBB Jarren, PBB Jas, PBB Rain, PBB Kolette, PBB Gen 11 Party, Jas JM sweet moments, Jas JM PBB, YT0psLen",2024-09-13 00:00:00+00:00,"['pinoy', 'big', 'brother', 'gen', '11', 'day', '55', 'september', '12', '2024', 'episode']",Shows,11
Probinsya Life PART 1 by Alex Gonzaga,1,49,49,5915337,209199,5185,"Alex gonzaga, Alex vlog, New vlog, Ivana alawi, Zeinab, Cong tv, Showtime, Eat, Tvj, Tv5, Gma, Bulaga, News, Travel, New video, Vlog trip, Alex g, Gonzaga, Friends, Best friends, Bff, Funny, New vid, Vlog, Toni gonzaga, Tanay Rizal, Daily vlog, Tiktok, Lifestyle, Trending, Viral, Dance, Friendships, Yayamanin, House raid, Rich life, Niceprint, Wedding, Same day edit, Celebrity photography, Celebrity video, Home raid, House tour, Dongyan, Marian",2024-03-17 00:00:00+00:00,"['probinsya', 'life', 'alex', 'gonzaga']",Videoblogging,4
Probinsya Life PART 2 by Alex Gonzaga,17,33,33,2378328,98462,2454,"Alex gonzaga, Alex vlog, New vlog, Ivana alawi, Zeinab, Cong tv, Showtime, Eat, Tvj, Tv5, Gma, Bulaga, News, Travel, New video, Vlog trip, Alex g, Gonzaga, Friends, Best friends, Bff, Funny, New vid, Vlog, Toni gonzaga, Tanay Rizal, Daily vlog, Tiktok, Lifestyle, Trending, Viral, Dance, Friendships, Yayamanin, House raid, Rich life, Niceprint, Wedding, Same day edit, Celebrity photography, Celebrity video, Home raid, House tour, Dongyan, Marian",2024-03-24 00:00:00+00:00,"['probinsya', 'life', 'alex', 'gonzaga']",Videoblogging,4
Quiapo Food Trip by Alex Gonzaga,5,34,45,3398224,79215,2756,"Alex gonzaga, Alex vlog, New vlog, Ivana alawi, Zeinab, Cong tv, Showtime, Tvj, Tv5, Gma, New video, Alex g, Gonzaga, Friends, Best friends, Bff, Funny, New vid, Vlog, Toni gonzaga, Daily vlog, Tiktok, Lifestyle, Trending, Viral, Friendships, Celebrity video, Dongyan, Marian, toni gonzaga, gonzaga sisters, beks battalion, mc muah, lassy, chad kinis, comedy, beks squad, neneng b, quiapo, viral food in quiapo, food trip, mukbang, comedy bar, stand up comedians, comedians, hotdog overload",2025-03-16 00:00:00+00:00,"['quiapo', 'food', 'trip', 'alex', 'gonzaga']",Videoblogging,5
REBELASYON,6,44,44,2503903,105402,7447,"geo ong, vlog, vlogger, ybs, travel, adventure, palawan, gio, ong, gioong, hiphop, covid19, covid, corona, pinoy, philippines, youngbloods, dougie, congtv, teampayaman, jolai, viy, yow, bosskeng, exb, exbattalion, skustclee, yongee, flowg, angelicayap, offroad, livelife, ranzkyle, niana, ranz&niana, camping, offgrid, wildasovich, harabas",2024-07-16 00:00:00+00:00,['rebelasyon'],Foreign,1
REVERSE PRANKING TONI GONZAGA (PAKANA NIYA PERO SIYA ANG BIKTIMA) FT. PEPE HERRERA | BEKS BATTALION,10,40,40,935855,22191,905,"beks, battalion, beks battalion, beks battalion vlog, beks battalion latest vlog, beks battalion prank, mc muah, lassy marquez, chad kinis, beks b vlog, bb house, beks battalion house",2024-01-30 00:00:00+00:00,"['reverse', 'pranking', 'toni', 'gonzaga', 'pakana', 'biktima', 'ft', 'pepe', 'herrera', 'beks', 'battalion']",Videoblogging,11
RamPANALONG Gift Kay Nanay Rosario | VICE GANDA,20,30,30,662862,17451,339,"vice ganda, vice, ganda, meme vice, meme, vicegandako, praybeytbenjamin, teamviceph, vice ganda house tour, vice ganda funny moments, vice ganda movie, gabing gabi na vice",2023-10-23 11:30:09+00:00,"['rampanalong', 'gift', 'kay', 'nanay', 'rosario', 'vice', 'ganda']",Comedy,7
SA WAKAS,1,49,49,2445470,117088,5640,"geo ong, vlog, vlogger, ybs, travel, adventure, palawan, gio, ong, gioong, hiphop, covid19, covid, corona, pinoy, philippines, youngbloods, dougie, congtv, teampayaman, jolai, viy, yow, bosskeng, exb, exbattalion, skustclee, yongee, flowg, angelicayap, offroad, livelife, ranzkyle, niana, ranz&niana, camping, offgrid, wildasovich, harabas",2024-02-10 00:00:00+00:00,['wakas'],Foreign,1
SINUGOD NI MC AT LASSY SI CHAD KINIS (PASALU RAID) | BEKS BATTALION,44,6,6,368768,8655,408,"beks, battalion, beks battalion, beks battalion vlog, beks battalion latest vlog, beks battalion prank, mc muah, lassy marquez, chad kinis, beks b vlog, bb house, beks battalion house",2024-01-11 00:00:00+00:00,"['sinugod', 'mc', 'lassy', 'si', 'chad', 'kinis', 'pasalu', 'raid', 'beks', 'battalion']",Videoblogging,10
SORRY JEO,1,49,49,4593484,212213,13639,"geo ong, vlog, vlogger, ybs, travel, adventure, palawan, gio, ong, gioong, hiphop, covid19, covid, corona, pinoy, philippines, youngbloods, dougie, congtv, teampayaman, jolai, viy, yow, bosskeng, exb, exbattalion, skustclee, yongee, flowg, angelicayap, offroad, livelife, ranzkyle, niana, ranz&niana, camping, offgrid, wildasovich, harabas",2023-12-22 00:00:00+00:00,"['sorry', 'jeo']",Foreign,2
SURPRISING LASSY WITH NEW APPLIANCES FOR HIS HOUSE (NOT A PRANK PERO NASURPRISED DIN KAMI),24,26,26,1108146,36390,1453,"beks, battalion, beks battalion, beks battalion vlog, beks battalion latest vlog, beks battalion prank, mc muah, lassy marquez, chad kinis, beks b vlog, bb house, beks battalion house",2024-08-08 00:00:00+00:00,"['surprising', 'lassy', 'new', 'appliances', 'house', 'prank', 'nasurprised']",Videoblogging,7
Santa Tata Buys Everything by Alex Gonzaga,19,30,31,2678744,69918,1301,"Alex gonzaga, Alex vlog, New vlog, Ivana alawi, Zeinab, Cong tv, Showtime, Eat, Tvj, Tv5, Gma, Bulaga, News, Travel, New video, Vlog trip, Alex g, Gonzaga, Friends, Best friends, Bff, Funny, New vid, Vlog, Toni gonzaga, Tanay Rizal, Daily vlog, Tiktok, Lifestyle, Trending, Viral, Dance, Friendships, Yayamanin, House raid, Rich life, Same day edit, Celebrity photography, Celebrity video, Home raid, House tour, Dongyan, Marian, Polly, toni gonzaga, gonzaga sisters",2024-12-29 00:00:00+00:00,"['santa', 'tata', 'buys', 'alex', 'gonzaga']",Videoblogging,5
Security Guard For A Day by Alex Gonzaga,3,43,47,2360087,62449,2359,"Alex gonzaga, Alex vlog, New vlog, Ivana alawi, Zeinab, Cong tv, Showtime, Eat, Tvj, Tv5, Gma, Bulaga, News, Travel, New video, Vlog trip, Alex g, Gonzaga, Friends, Best friends, Bff, Funny, New vid, Vlog, Toni gonzaga, Tanay Rizal, Daily vlog, Tiktok, Lifestyle, Trending, Viral, Dance, Friendships, Yayamanin, House raid, Rich life, Niceprint, Wedding, Same day edit, Celebrity photography, Celebrity video, Home raid, House tour, Dongyan, Marian",2023-11-26 00:00:00+00:00,"['security', 'guard', 'day', 'alex', 'gonzaga']",Videoblogging,5
Sen. Legarda sa kwento ni Bamban Mayor Guo: Paulit-ulit parang memoryado,1,49,49,3381130,31660,21584,"n5e, news5, news5digital, tv5, philippines, ph, news, breaking, news5everywhere, frontline, pilipinas, umaga, tonight, alerts, newsbreak, breakingnews, balita, marcos, bbm, duterte, tulfo, raffy, coc, fyp, fyi, newsph, breakingnewsph, socialnewsph, entertainmentnewsph, entertainment, tiktoknews, tiktok, trending, sarah, pba, uaap, vlog, sports",2024-05-22 00:00:00+00:00,"['sen', 'legarda', 'kwento', 'bamban', 'mayor', 'guo', 'paulitulit', 'parang', 'memoryado']",Entertainment,9
"Senior High | Episode 100 (2/2) | January 12, 2024 (with Eng Subs)",41,9,9,1358572,19284,2606,"ABS-CBN Entertainment, Kapamilya Channel, Kapamilya Online, format:FullEpisode, genre:Drama, Vertical:Drama, genre:Mystery, series:SeniorHigh, Tagalog Series, #SHSacrifice, #SeniorHigh, Senior High Episode 100, Senior High January 12 2024, person:AndreaBrillantes, person:KyleEcharri, person:JuanKarlosLabajo, person:AngelAquino, personElijahCanlas, person:ZaijianJaranilla, person:XyrielManabat, person:DanielaStranner, #SeniorHigh_VOD, Senior High Full Episodes, January 12 2024, 20240112online, YT0psJoyce",2024-01-12 00:00:00+00:00,"['senior', 'high', 'episode', '100', '22', 'january', '12', '2024', 'eng', 'subs']",Entertainment,10
"Senior High | Episode 98 (2/2) | January 10, 2024 (with Eng Subs)",21,29,29,1144330,18723,2106,"ABS-CBN, ABS-CBN Entertainment, Kapamilya Channel, Kapamilya Online, format:FullEpisode, genre:Drama, Vertical:Drama, genre:Mystery, series:SeniorHigh, Tagalog Series, #SeniorHigh, Senior High Episode 97, Senior High January 9 2024, person:AndreaBrillantes, person:KyleEcharri, person:JuanKarlosLabajo, person:AngelAquino, personElijahCanlas, person:ZaijianJaranilla, person:XyrielManabat, person:DanielaStranner, #SeniorHigh_VOD, Senior High Date Episode, January 9 2024, 20240109nline, YT0psLen, #SHProm",2024-01-10 00:00:00+00:00,"['senior', 'high', 'episode', '98', '22', 'january', '10', '2024', 'eng', 'subs']",Entertainment,10
Shooting Prank kay Malupiton by Alex Gonzaga,8,37,42,2185547,46694,2421,"Alex gonzaga, Alex vlog, New vlog, Ivana alawi, Zeinab, Cong tv, Showtime, Eat, Tvj, Tv5, Gma, Bulaga, Travel, New video, Vlog trip, Alex g, Gonzaga, Friends, Best friends, Bff, Funny, New vid, Vlog, Daily vlog, Tiktok, Lifestyle, Trending, Viral, Dance, Friendships, Yayamanin, Rich life, Same day edit, Celebrity video, Home raid, House tour, Dongyan, Marian, jejflix, malupiton, malupiton official",2024-12-08 00:00:00+00:00,"['shooting', 'prank', 'kay', 'malupiton', 'alex', 'gonzaga']",Videoblogging,6
Showtime GengGeng in Heng Keng | VICE GANDA,2,45,48,2027925,48010,986,,2023-10-30 00:00:00+00:00,"['showtime', 'genggeng', 'heng', 'keng', 'vice', 'ganda']",Shows,6
Spaghetti War Gone Wrong by Alex Gonzaga,2,46,48,1970541,45556,3170,,2023-12-17 00:00:00+00:00,"['spaghetti', 'war', 'gone', 'wrong', 'alex', 'gonzaga']",Foreign,6
"Sugat Sa Puri | Jeffrey Santos, Ramon Christopher | Full Tagalog Action Movie",35,15,15,801233,5410,164,"sugat sa puri full movie, jungo pinoy movies, tagalog movies, tagalog full movie, full movie, free movie, free full movie tagalog dubbed, full length filipino movies, ramon christopher movie, tagalog dubbed full movie, tagalog dubbed full movie action, tagalog dubbed, tagalized action movies, tagalog dubbed action movies, tagalized full movies, tagalized movie, best tagalog action movies, tagalog dubbed action movie, tagalog dubbed action movies 2022, free tagalog movies",2024-07-11 00:00:00+00:00,"['sugat', 'puri', 'jeffrey', 'santos', 'ramon', 'christopher', 'tagalog', 'action', 'movie']",Movies,9
Surprise Ganda sa MEMErriest Noche Buena | VICE GANDA,3,47,47,2269676,52560,1457,"vice ganda, vice, ganda, meme vice, meme, vicegandako, praybeytbenjamin, teamviceph, vice ganda house tour, vice ganda funny moments, vice ganda movie, gabing gabi na vice",2023-12-28 00:00:00+00:00,"['surprise', 'ganda', 'memerriest', 'noche', 'buena', 'vice', 'ganda']",Comedy,7
Surviving 3 Days Using Only 1 PESO (THAILAND EDITION) - DAY 2,6,39,44,963793,27246,4156,,2024-01-12 00:00:00+00:00,"['surviving', 'days', 'peso', 'thailand', 'edition', 'day']",Foreign,6
Surviving 3 Days Using Only 1 PESO (THAILAND EDITION) - DAY 3,6,43,44,1607887,70438,16761,,2024-01-21 00:00:00+00:00,"['surviving', 'days', 'peso', 'thailand', 'edition', 'day']",Foreign,6
Surviving 7 DAYS ALONE sa Abandoned Battleship (EL FRAILE) - DAY 1,33,15,17,388129,8966,668,,2023-11-09 00:00:00+00:00,"['surviving', 'days', 'abandoned', 'battleship', 'el', 'fraile', 'day']",Foreign,7
Surviving 7 DAYS ALONE sa Abandoned Battleship (EL FRAILE) - DAY 2,9,38,41,784951,22513,1678,"surviving el fraile, adam alejo, el fraile, el fraile day 2, surviving, surviving sa battle ship",2023-11-14 00:00:00+00:00,"['surviving', 'days', 'abandoned', 'battleship', 'el', 'fraile', 'day']",Shows,7
Surviving 7 DAYS ALONE sa Abandoned Battleship (EL FRAILE) - DAY 3,12,38,38,677461,17907,1779,,2023-11-18 00:00:00+00:00,"['surviving', 'days', 'abandoned', 'battleship', 'el', 'fraile', 'day']",Foreign,7
Surviving 7 DAYS ALONE sa Abandoned Battleship (EL FRAILE) - DAY 4,36,14,14,342406,9917,884,,2023-11-24 00:00:00+00:00,"['surviving', 'days', 'abandoned', 'battleship', 'el', 'fraile', 'day']",Foreign,7
TABING ILOG,25,1,25,2207676,79145,5347,"geo ong, vlog, vlogger, ybs, travel, adventure, palawan, gio, ong, gioong, hiphop, covid19, covid, corona, pinoy, philippines, youngbloods, dougie, congtv, teampayaman, jolai, viy, yow, bosskeng, exb, exbattalion, skustclee, yongee, flowg, angelicayap, offroad, livelife, ranzkyle, niana, ranz&niana, camping, offgrid, wildasovich, harabas",2025-03-07 00:00:00+00:00,"['tabing', 'ilog']",Foreign,2
TAKADANG,3,45,47,2476974,84323,7022,"geo ong, vlog, vlogger, ybs, travel, adventure, palawan, gio, ong, gioong, hiphop, covid19, covid, corona, pinoy, philippines, youngbloods, dougie, congtv, teampayaman, jolai, viy, yow, bosskeng, exb, exbattalion, skustclee, yongee, flowg, angelicayap, offroad, livelife, ranzkyle, niana, ranz&niana, camping, offgrid, wildasovich, harabas",2024-12-20 00:00:00+00:00,['takadang'],Foreign,1
TITIGIL NA KAMI MAGVLOG (NAG WALK OUT SI MC SA GALIT) | BEKS BATTALION,10,40,40,611526,16579,797,"beks, battalion, beks battalion, beks battalion vlog, beks battalion latest vlog, beks battalion prank, mc muah, lassy marquez, chad kinis, beks b vlog, bb house, beks battalion house",2024-01-16 00:00:00+00:00,"['titigil', 'magvlog', 'nag', 'walk', 'si', 'mc', 'galit', 'beks', 'battalion']",Videoblogging,9
TUNAY na PANGYAYARI sa PAGPANAW ni Ronaldo Valdez na Ikinagulat ng Netizens yt,3,42,47,921818,8349,458,"showbiz philippines, showbiz, philippines",2023-12-18 00:00:00+00:00,"['tunay', 'pangyayari', 'pagpanaw', 'ronaldo', 'valdez', 'ikinagulat', 'netizens', 'yt']",Shows,8
TV Patrol Express special coverage on Typhoon #CarinaPH,14,36,36,1081764,4914,71,"Tagalog News, Balita, Balita Tagalog, Philippine News, News PH, trending news, viral news, trending videos, trending balita, Breaking News, Latest News, Top News, News Digital Raw Cuts, Tagalog Balita, ABS-CBN News Viral, Napapanahong Balita, channel:abscbnews, series:newsdigitalrawcuts, genre:society, genre:politics, format:straightnews, type:broadcast, source:video, July 24 2024, 202407240news, Weather Update, Weather, #CarinaPH, Typhoon Carina, Carina, Bagyong Carina, Bagyo, YT0psCath",2024-07-24 00:00:00+00:00,"['tv', 'patrol', 'express', 'special', 'coverage', 'typhoon', 'carinaph']",News & Politics,7
"TV Patrol Livestream | July 1, 2024 Full Episode Replay",47,3,3,611007,3238,180,"TV Patrol ABS-CBN, ABS-CBN Philippines, TV Patrol, TV Patrol Livestream, TV Patrol Live, COVID19, 24 News, 24 oras na balita, TV Patrol Full episode, News Livestream, ABS-CBN Livestream, COVID-19 Philippines, News Nighttime, Celebrity News, President Ferdinand Marcos Jr., Napapanahong Isyu, #TVPatrol_LS, ABS-CBN, TVPatrol_VOD, TV Patrol_Livestream, Marcos, charter change, Quiboloy, Napapanahong Issue, Mayor Guo, TV Patrol July 1 2024, July 1 2024, YT0psCatherine, July 1 2024 TVP",2024-07-01 00:00:00+00:00,"['tv', 'patrol', 'livestream', 'july', '2024', 'episode', 'replay']",Shows,7
"TV Patrol Livestream | July 23, 2024 Full Episode Replay",44,6,6,761894,4096,130,"TV Patrol ABS-CBN, ABS-CBN Philippines, TV Patrol, TV Patrol Livestream, TV Patrol Live, COVID19, 24 News, 24 oras na balita, TV Patrol Full episode, News Livestream, ABS-CBN Livestream, News Nighttime, Celebrity News, President Ferdinand Marcos Jr., Napapanahong Isyu, #TVPatrol_LS, ABS-CBN, TVPatrol_VOD, TV Patrol_Livestream, Marcos, charter change, Quiboloy, Napapanahong Issue, Mayor Guo, TV Patrol July 23 2024, SONA 2024, YT0psJay, July 23 2024, President Marcos, SONA, Replay",2024-07-23 00:00:00+00:00,"['tv', 'patrol', 'livestream', 'july', '23', '2024', 'episode', 'replay']",Shows,8
"TV Patrol Livestream | July 24, 2024 Full Episode Replay",20,30,30,986961,5201,132,"TV Patrol ABS-CBN, ABS-CBN Philippines, TV Patrol, TV Patrol Livestream, TV Patrol Live, COVID19, 24 News, 24 oras na balita, TV Patrol Full episode, News Livestream, ABS-CBN Livestream, COVID-19 Philippines, News Nighttime, Celebrity News, President Ferdinand Marcos Jr., Napapanahong Isyu, #TVPatrol_LS, ABS-CBN, TVPatrol_VOD, TV Patrol_Livestream, Marcos, charter change, Quiboloy, Napapanahong Issue, Mayor Guo, SONA 2024, YT0psCatherine, SONA, TV Patrol July 24 2024, July 24 2024",2024-07-24 00:00:00+00:00,"['tv', 'patrol', 'livestream', 'july', '24', '2024', 'episode', 'replay']",Shows,8
"TV Patrol Livestream | June 24, 2024 Full Episode Replay",48,2,2,542475,2885,162,"TV Patrol ABS-CBN, ABS-CBN Philippines, TV Patrol, TV Patrol Livestream, TV Patrol Live, 24 News, 24 oras na balita, TV Patrol Full episode, News Livestream, ABS-CBN Livestream, COVID-19 Philippines, News Nighttime, Celebrity News, President Ferdinand Marcos Jr., Napapanahong Isyu, #TVPatrol_LS, ABS-CBN, TVPatrol_VOD, TV Patrol_Livestream, Marcos, charter change, Quiboloy, Napapanahong Issue, Mayor Guo, TV Patrol June 24 2024, June 24 2024, YT0psCatherine, June 24 2024 TVP, news",2024-06-24 00:00:00+00:00,"['tv', 'patrol', 'livestream', 'june', '24', '2024', 'episode', 'replay']",Shows,8
"TV Patrol Livestream | November 13, 2023 Full Episode Replay",24,26,26,377762,2572,98,"ABS-CBN, ABS-CBN News, ABS-CBN Philippines, Philippine News, News, Philippines, ABS-CBN livestream, TV Patrol, TV Patrol Weekend, TV Patrol livestream, TV Patrol Playback, nighttime, TVP, #TVPatrol_Livestream, tagalog news, latest news, recent news, channel:ABSCBNNews, series:TVPatrol, genre:society, genre:politics, format:report, type:broadcast, type:fullepisode, source:video, source:audio, person:BernadetteSembrano, person:KarenDavila, person:HenryOmagaDiaz, 11112023news, November 11 2023, YT0psCathe",2023-11-13 00:00:00+00:00,"['tv', 'patrol', 'livestream', 'november', '13', '2023', 'episode', 'replay']",News & Politics,8
Talagang Tinalo ng Pilipinas ang World's #6 na Latvia,33,17,17,211624,7014,808,"w gameplay, w gameplay ph, parekoy, pba, nba, philippines, filipino, gilas pilipinas, update, latest, news, report, today, olympics, qualifiers, oqt, 2024, vs, georgia, davis bertans, artus zagars, andrejs grazulis, kai sotto, aj edu, junemar fajardo, japeth aguilar, justin brownlee, carl tamayo, kevin quiambao, coach tim cone, defense, goga bitadze, taiwan mustangs, tukey, poland, european team, euro, style, latvia, tune up games, system, scottie thompson, dwight ramos, gilas vs latvia",2024-07-03 00:00:00+00:00,"['talagang', 'tinalo', 'pilipinas', 'world', 'latvia']",Gaming,5
Teacher for a Day by Alex Gonzaga,10,27,40,2972713,73467,1524,"Alex gonzaga, Alex vlog, New vlog, Ivana alawi, Zeinab, Cong tv, Showtime, Eat, Tvj, Tv5, Gma, Bulaga, News, Travel, New video, Vlog trip, Alex g, Gonzaga, Friends, Best friends, Bff, Funny, New vid, Vlog, Toni gonzaga, Tanay Rizal, Daily vlog, Tiktok, Lifestyle, Trending, Viral, Dance, Friendships, Yayamanin, House raid, Rich life, Same day edit, Celebrity photography, Celebrity video, Home raid, House tour, Dongyan, Marian, Polly, toni gonzaga, gonzaga sisters",2024-10-13 00:00:00+00:00,"['teacher', 'day', 'alex', 'gonzaga']",Videoblogging,4
Tumpakners with Nanay Rosario | Vice Ganda,10,40,40,570867,14586,396,"vice ganda, vice, ganda, meme vice, meme, vicegandako, praybeytbenjamin, teamviceph, vice ganda house tour, vice ganda funny moments, vice ganda movie, gabing gabi na vice",2023-11-28 00:00:00+00:00,"['tumpakners', 'nanay', 'rosario', 'vice', 'ganda']",Comedy,5
UNANG SABAK,10,36,40,1716725,66490,3189,"geo ong, vlog, vlogger, ybs, travel, adventure, palawan, gio, ong, gioong, hiphop, covid19, covid, corona, pinoy, philippines, youngbloods, dougie, congtv, teampayaman, jolai, viy, yow, bosskeng, exb, exbattalion, skustclee, yongee, flowg, angelicayap, offroad, livelife, ranzkyle, niana, ranz&niana, camping, offgrid, wildasovich, harabas",2023-10-29 00:00:00+00:00,"['unang', 'sabak']",Foreign,2
UNANG SABAK (Ep 3),9,1,41,2312390,76691,3417,"geo ong, vlog, vlogger, ybs, travel, adventure, palawan, gio, ong, gioong, hiphop, covid19, covid, corona, pinoy, philippines, youngbloods, dougie, congtv, teampayaman, jolai, viy, yow, bosskeng, exb, exbattalion, skustclee, yongee, flowg, angelicayap, offroad, livelife, ranzkyle, niana, ranz&niana, camping, offgrid, wildasovich, harabas",2023-10-29 00:00:00+00:00,"['unang', 'sabak', 'ep']",Foreign,3
UNEXPECTED,1,49,49,2919100,115210,8309,"geo ong, vlog, vlogger, ybs, travel, adventure, palawan, gio, ong, gioong, hiphop, covid19, covid, corona, pinoy, philippines, youngbloods, dougie, congtv, teampayaman, jolai, viy, yow, bosskeng, exb, exbattalion, skustclee, yongee, flowg, angelicayap, offroad, livelife, ranzkyle, niana, ranz&niana, camping, offgrid, wildasovich, harabas",2024-06-04 00:00:00+00:00,['unexpected'],Foreign,1
Unkabogable Slay-Bration sa Nueva Ecija! | VICE GANDA,9,41,41,2057221,55703,1810,"vice ganda, vice, ganda, meme vice, meme, vicegandako, praybeytbenjamin, teamviceph, vice ganda house tour, vice ganda funny moments, vice ganda movie, gabing gabi na vice",2024-04-19 00:00:00+00:00,"['unkabogable', 'slaybration', 'nueva', 'ecija', 'vice', 'ganda']",Comedy,6
VICE GANDA x EUGENE DOMINGO PUKSAgutan | VICE GANDA,20,30,30,1084151,24813,1146,"vice ganda, vice, ganda, meme vice, meme, vicegandako, praybeytbenjamin, teamviceph, vice ganda house tour, vice ganda funny moments, vice ganda movie, gabing gabi na vice",2024-12-18 00:00:00+00:00,"['vice', 'ganda', 'eugene', 'domingo', 'puksagutan', 'vice', 'ganda']",Comedy,7
"Vice Ganda, Billy Crawford reconcile, end years-long rift | ABS-CBN News",6,41,44,1750032,22114,1403,"ABS-CBN, ABS-CBN News, ABS-CBN Philippines, Philippine News, News, Philippines, ABS-CBN News Exclusive, #ABS-CBNNews_Exclusive, latest news update, recent news, channel:ABSCBNNews, source:audio, News and Current Affairs, Top News, Latest News, Viral News, #ABSCBNNewsExclusive, #ABSCBNNewsExclusive_HLS, YT0psCatherine, November 9 2023, 20231109news, Vice Ganda, Billy Crawford, Vice Ganda Billy Crawford, It's Showtime, Jackie Gonzaga, and Cianne Dominguez., Magpasika, Coleen Garcia, Vice",2023-11-09 00:00:00+00:00,"['vice', 'ganda', 'billy', 'crawford', 'reconcile', 'end', 'yearslong', 'rift', 'abscbn', 'news']",Shows,10
WATCH: ANC special coverage on Typhoon #CarinaPH,37,13,13,946644,1950,38,"Tagalog News, Balita, Balita Tagalog, Philippine News, News PH, trending news, viral news, trending videos, trending balita, Breaking News, Latest News, Top News, News Digital Raw Cuts, Tagalog Balita, ABS-CBN News Viral, Napapanahong Balita, channel:abscbnews, series:newsdigitalrawcuts, genre:society, genre:politics, format:straightnews, type:broadcast, source:video, July 24 2024, 202407240news, Weather Update, Weather, #CarinaPH, Typhoon Carina, Carina, Bagyong Carina, Bagyo, YT0psCath",2024-07-24 00:00:00+00:00,"['watch', 'anc', 'special', 'coverage', 'typhoon', 'carinaph']",News & Politics,6
"WET, There’s More! Bday Lake Bonding sa Nueva Ecija | VICE GANDA",24,26,26,1065409,22378,474,"vice ganda, vice, ganda, meme vice, meme, vicegandako, praybeytbenjamin, teamviceph, vice ganda house tour, vice ganda funny moments, vice ganda movie, gabing gabi na vice",2024-04-23 00:00:00+00:00,"['wet', 'bday', 'lake', 'bonding', 'nueva', 'ecija', 'vice', 'ganda']",Comedy,8
"Walang bayad na bonding with viral kid, Lian! | VICE GANDA",5,44,45,1807757,86907,3877,"vice ganda, vice, ganda, meme vice, meme, vicegandako, praybeytbenjamin, teamviceph, vice ganda house tour, vice ganda funny moments, vice ganda movie, gabing gabi na vice",2024-04-27 00:00:00+00:00,"['bayad', 'bonding', 'viral', 'kid', 'lian', 'vice', 'ganda']",Comedy,7
Yayamanin House Raid by Alex Gonzaga,3,47,47,2694977,49062,1101,"Alex gonzaga, Alex vlog, New vlog, Ivana alawi, Zeinab, Cong tv, Showtime, Eat, Tvj, Tv5, Gma, Bulaga, News, Travel, New video, Vlog trip, Alex g, Gonzaga, Friends, Best friends, Bff, Funny, New vid, Vlog, Toni gonzaga, Tanay Rizal, Daily vlog, Tiktok, Lifestyle, Trending, Viral, Dance, Friendships, Yayamanin, House raid, Rich life, Niceprint, Wedding, Same day edit, Celebrity photography, Celebrity video, Home raid, House tour, Dongyan, Marian",2023-11-05 00:00:00+00:00,"['yayamanin', 'house', 'raid', 'alex', 'gonzaga']",Videoblogging,5
"Zsa Zsa, Jona at Jed Nag-alay ng Kanta Kay Jaclyn Jose, Coco  May Rebelasyon! Vice Ganda Nakiramay!",43,7,7,486191,4832,224,,2024-03-06 00:00:00+00:00,"['zsa', 'zsa', 'jona', 'jed', 'nagalay', 'kanta', 'kay', 'jaclyn', 'jose', 'coco', 'rebelasyon', 'vice', 'ganda', 'nakiramay']",Family,14
[FIL] Team Darleng vs Aurora Esports (BO5) DreamLeague Season 22: Southeast Asia Closed Qualifier,24,26,26,274660,856,1,"luponwxc, lupon, kuyanic, nico nazario, dota 2, Dota 2 Tournaments 2024, DreamLeague Season 22 Qulifiers 2024, Dream League S22 Qualifiers 2024, DreamLeague Season 22 Open Qualifiers 2024, Dream League Season 22 2024, Dota 2 Dream League S22 2024, DreamLeague S22 2024 dota 2, Open Qualifiers DreamLeague 2024, DreamLeague S22 Open Qualifiers, DreamLeague S22 2024, DreamLeague S22 Qualifiers 2024, DreamLeague Seasion 22 Open & Closed Qualifiers 2024, Open & Closed Qualifiers S22",2024-01-17 00:00:00+00:00,"['fil', 'team', 'darleng', 'vs', 'aurora', 'esports', 'bo5', 'dreamleague', 'season', '22', 'southeast', 'asia', 'closed', 'qualifier']",Gaming,14
[FIL] Team Darleng vs Talon Esports (BO3) DreamLeague Season 22: Southeast Asia Closed Qualifier,19,31,31,228742,710,0,"luponwxc, lupon, kuyanic, nico nazario, dota 2, Dota 2 Tournaments 2024, DreamLeague Season 22 Qulifiers 2024, Dream League S22 Qualifiers 2024, DreamLeague Season 22 Open Qualifiers 2024, Dream League Season 22 2024, Dota 2 Dream League S22 2024, DreamLeague S22 2024 dota 2, Open Qualifiers DreamLeague 2024, DreamLeague S22 Open Qualifiers, DreamLeague S22 2024, DreamLeague S22 Qualifiers 2024, DreamLeague Seasion 22 Open & Closed Qualifiers 2024, Open & Closed Qualifiers S22",2024-01-16 00:00:00+00:00,"['fil', 'team', 'darleng', 'vs', 'talon', 'esports', 'bo3', 'dreamleague', 'season', '22', 'southeast', 'asia', 'closed', 'qualifier']",Gaming,14
"‘'Di Puwedeng Hindi Puwede!' FULL MOVIE | Robin Padilla, Vina Morales",5,37,45,3951102,20344,636,"ABS-CBN, Star Cinema, ABS-CBN Star Cinema, ABS Star Cinema, Movie, Philippines, Philippine Movie, ABS-CBN Philippines, Format:fullmovie, YT0psMariel, 20240713starcinema, July 13 2024, Tagalog Movie, ABSCBN Movie, Star Cinema Movie, Free Movie, Full movies free, Person:Robin Padilla, Person:Vina Morales, ABSCBN Film, ABSCBN Movies, ABSCBN Full movies free, ABSCBN movies free, Kapamilya movies, Kapamilya full movies, Must watch, Di Puwedeng Hindi Puwede, old movie, action",2024-07-14 00:00:00+00:00,"['di', 'puwedeng', 'puwede', 'movie', 'robin', 'padilla', 'vina', 'morales']",Movies,8
"‘Type Kita... Walang Kokontra’ FULL MOVIE | Cesar Montano, Dayanara Torres",11,37,39,1695793,7663,171,"ABS-CBN, Star Cinema, ABS-CBN Star Cinema, ABS Star Cinema, Movie, Philippines, Philippine Movie, ABS-CBN Philippines, Format:fullmovie, YT0psMariel, 20241013starcinema, October 13 2024, Tagalog Movie, ABSCBN Movie, Star Cinema Movie, Free Movie, Full movies free, ABSCBN Film, ABSCBN Movies, ABSCBN Full movies free, ABSCBN movies free, Kapamilya movies, Kapamilya full movies, Person:, Movie marathon, Movie PH, Pinoy Movie",2024-10-13 00:00:00+00:00,"['type', 'kita', 'kokontra', 'movie', 'cesar', 'montano', 'dayanara', 'torres']",Movies,8
“Dilaw” - Maki (Official Music Video),8,1,42,1670525,98308,6314,"maki dilaw, maki mv, dilaw maki lyrics, dilaw maki mv, maki saan, dilaw by maki, maki singer, maki, dilaw lyrics, dilaw song, tarsier records, maki tarsier records, dilaw maki, maloi and maki, maloi mv, maloi dilaw, maki and maloi, maki maloi dilaw, tarsier records artists",2024-05-23 00:00:00+00:00,"['dilaw', 'maki', 'official', 'music', 'video']",Music,5
